Date,Store,Daily Sales,Industry Average,Global Average
2025-01-01,Uptown,845,1126.0,1098.0
2025-01-01,Midtown,1708,1126.0,1098.0
2025-01-01,Downtown,859,1126.0,1098.0
2025-01-01,Suburb,1092,1126.0,1098.0
2025-01-02,Uptown,1798,1390.0,1446.0
2025-01-02,Midtown,1390,1390.0,1446.0
2025-01-02,Downtown,943,1390.0,1446.0
2025-01-02,Suburb,1429,1390.0,1446.0
2025-01-03,Uptown,1312,1573.75,1692.75
2025-01-03,Midtown,1616,1573.75,1692.75
2025-01-03,Downtown,1656,1573.75,1692.75
2025-01-03,Suburb,1711,1573.75,1692.75
2025-01-04,Uptown,840,941.25,1064.25
2025-01-04,Midtown,1376,941.25,1064.25
2025-01-04,Downtown,1011,941.25,1064.25
2025-01-04,Suburb,538,941.25,1064.25
2025-01-05,Uptown,517,1283.5,1163.5
2025-01-05,Midtown,1815,1283.5,1163.5
2025-01-05,Downtown,886,1283.5,1163.5
2025-01-05,Suburb,1916,1283.5,1163.5
2025-01-06,Uptown,1850,1346.0,1276.0
2025-01-06,Midtown,705,1346.0,1276.0
2025-01-06,Downtown,1068,1346.0,1276.0
2025-01-06,Suburb,1761,1346.0,1276.0
2025-01-07,Uptown,1100,1246.0,1155.0
2025-01-07,Midtown,1512,1246.0,1155.0
2025-01-07,Downtown,1375,1246.0,1155.0
2025-01-07,Suburb,997,1246.0,1155.0
2025-01-08,Uptown,1594,1331.0,1347.0
2025-01-08,Midtown,1609,1331.0,1347.0
2025-01-08,Downtown,781,1331.0,1347.0
2025-01-08,Suburb,1340,1331.0,1347.0
2025-01-09,Uptown,1510,910.25,769.25
2025-01-09,Midtown,744,910.25,769.25
2025-01-09,Downtown,554,910.25,769.25
2025-01-09,Suburb,833,910.25,769.25
2025-01-10,Uptown,1713,1146.25,1264.25
2025-01-10,Midtown,519,1146.25,1264.25
2025-01-10,Downtown,1790,1146.25,1264.25
2025-01-10,Suburb,563,1146.25,1264.25
2025-01-11,Uptown,1250,1239.75,1345.75
2025-01-11,Midtown,1485,1239.75,1345.75
2025-01-11,Downtown,1422,1239.75,1345.75
2025-01-11,Suburb,802,1239.75,1345.75
2025-01-12,Uptown,1972,1634.5,1770.5
2025-01-12,Midtown,1247,1634.5,1770.5
2025-01-12,Downtown,1607,1634.5,1770.5
2025-01-12,Suburb,1712,1634.5,1770.5
2025-01-13,Uptown,1403,1101.25,1019.25
2025-01-13,Midtown,892,1101.25,1019.25
2025-01-13,Downtown,865,1101.25,1019.25
2025-01-13,Suburb,1245,1101.25,1019.25
2025-01-14,Uptown,880,957.75,1002.75
2025-01-14,Midtown,987,957.75,1002.75
2025-01-14,Downtown,689,957.75,1002.75
2025-01-14,Suburb,1275,957.75,1002.75
2025-01-15,Uptown,607,1418.0,1557.0
2025-01-15,Midtown,1402,1418.0,1557.0
2025-01-15,Downtown,1771,1418.0,1557.0
2025-01-15,Suburb,1892,1418.0,1557.0
2025-01-16,Uptown,528,1132.5,1167.5
2025-01-16,Midtown,1341,1132.5,1167.5
2025-01-16,Downtown,747,1132.5,1167.5
2025-01-16,Suburb,1914,1132.5,1167.5
2025-01-17,Uptown,769,1310.25,1311.25
2025-01-17,Midtown,1736,1310.25,1311.25
2025-01-17,Downtown,1305,1310.25,1311.25
2025-01-17,Suburb,1431,1310.25,1311.25
2025-01-18,Uptown,1664,1492.0,1474.0
2025-01-18,Midtown,1942,1492.0,1474.0
2025-01-18,Downtown,1334,1492.0,1474.0
2025-01-18,Suburb,1028,1492.0,1474.0
2025-01-19,Uptown,996,955.25,902.25
2025-01-19,Midtown,1185,955.25,902.25
2025-01-19,Downtown,1027,955.25,902.25
2025-01-19,Suburb,613,955.25,902.25
2025-01-20,Uptown,1563,1411.0,1547.0
2025-01-20,Midtown,1712,1411.0,1547.0
2025-01-20,Downtown,1074,1411.0,1547.0
2025-01-20,Suburb,1295,1411.0,1547.0
2025-01-21,Uptown,1357,1100.75,1207.75
2025-01-21,Midtown,1027,1100.75,1207.75
2025-01-21,Downtown,1321,1100.75,1207.75
2025-01-21,Suburb,698,1100.75,1207.75
2025-01-22,Uptown,574,984.25,1006.25
2025-01-22,Midtown,1080,984.25,1006.25
2025-01-22,Downtown,1389,984.25,1006.25
2025-01-22,Suburb,894,984.25,1006.25
2025-01-23,Uptown,975,1265.75,1345.75
2025-01-23,Midtown,1646,1265.75,1345.75
2025-01-23,Downtown,946,1265.75,1345.75
2025-01-23,Suburb,1496,1265.75,1345.75
2025-01-24,Uptown,871,1224.5,1156.5
2025-01-24,Midtown,1206,1224.5,1156.5
2025-01-24,Downtown,1509,1224.5,1156.5
2025-01-24,Suburb,1312,1224.5,1156.5
2025-01-25,Uptown,1392,1275.75,1313.75
2025-01-25,Midtown,1883,1275.75,1313.75
2025-01-25,Downtown,715,1275.75,1313.75
2025-01-25,Suburb,1113,1275.75,1313.75
2025-01-26,Uptown,885,1275.25,1157.25
2025-01-26,Midtown,500,1275.25,1157.25
2025-01-26,Downtown,1948,1275.25,1157.25
2025-01-26,Suburb,1768,1275.25,1157.25
2025-01-27,Uptown,1851,1600.5,1668.5
2025-01-27,Midtown,926,1600.5,1668.5
2025-01-27,Downtown,1934,1600.5,1668.5
2025-01-27,Suburb,1691,1600.5,1668.5
2025-01-28,Uptown,921,1438.5,1514.5
2025-01-28,Midtown,1612,1438.5,1514.5
2025-01-28,Downtown,1312,1438.5,1514.5
2025-01-28,Suburb,1909,1438.5,1514.5
2025-01-29,Uptown,1682,1296.25,1265.25
2025-01-29,Midtown,1472,1296.25,1265.25
2025-01-29,Downtown,1163,1296.25,1265.25
2025-01-29,Suburb,868,1296.25,1265.25
2025-01-30,Uptown,1221,1125.25,1133.25
2025-01-30,Midtown,934,1125.25,1133.25
2025-01-30,Downtown,1099,1125.25,1133.25
2025-01-30,Suburb,1247,1125.25,1133.25
2025-01-31,Uptown,1053,1104.0,1123.0
2025-01-31,Midtown,1299,1104.0,1123.0
2025-01-31,Downtown,925,1104.0,1123.0
2025-01-31,Suburb,1139,1104.0,1123.0
2025-02-01,Uptown,1868,1355.0,1260.0
2025-02-01,Midtown,1032,1355.0,1260.0
2025-02-01,Downtown,1094,1355.0,1260.0
2025-02-01,Suburb,1426,1355.0,1260.0
2025-02-02,Uptown,1315,1362.25,1422.25
2025-02-02,Midtown,986,1362.25,1422.25
2025-02-02,Downtown,1932,1362.25,1422.25
2025-02-02,Suburb,1216,1362.25,1422.25
2025-02-03,Uptown,1172,1409.75,1416.75
2025-02-03,Midtown,1475,1409.75,1416.75
2025-02-03,Downtown,1593,1409.75,1416.75
2025-02-03,Suburb,1399,1409.75,1416.75
2025-02-04,Uptown,929,1126.0,1160.0
2025-02-04,Midtown,1257,1126.0,1160.0
2025-02-04,Downtown,664,1126.0,1160.0
2025-02-04,Suburb,1654,1126.0,1160.0
2025-02-05,Uptown,1267,1615.75,1559.75
2025-02-05,Midtown,1802,1615.75,1559.75
2025-02-05,Downtown,1808,1615.75,1559.75
2025-02-05,Suburb,1586,1615.75,1559.75
2025-02-06,Uptown,578,1382.5,1335.5
2025-02-06,Midtown,1333,1382.5,1335.5
2025-02-06,Downtown,1694,1382.5,1335.5
2025-02-06,Suburb,1925,1382.5,1335.5
2025-02-07,Uptown,1139,1032.0,1138.0
2025-02-07,Midtown,524,1032.0,1138.0
2025-02-07,Downtown,866,1032.0,1138.0
2025-02-07,Suburb,1599,1032.0,1138.0
2025-02-08,Uptown,978,1495.5,1393.5
2025-02-08,Midtown,1493,1495.5,1393.5
2025-02-08,Downtown,1886,1495.5,1393.5
2025-02-08,Suburb,1625,1495.5,1393.5
2025-02-09,Uptown,1671,976.0,1084.0
2025-02-09,Midtown,821,976.0,1084.0
2025-02-09,Downtown,553,976.0,1084.0
2025-02-09,Suburb,859,976.0,1084.0
2025-02-10,Uptown,1338,1424.25,1488.25
2025-02-10,Midtown,1923,1424.25,1488.25
2025-02-10,Downtown,924,1424.25,1488.25
2025-02-10,Suburb,1512,1424.25,1488.25
2025-02-11,Uptown,1436,1483.0,1462.0
2025-02-11,Midtown,1898,1483.0,1462.0
2025-02-11,Downtown,1434,1483.0,1462.0
2025-02-11,Suburb,1164,1483.0,1462.0
2025-02-12,Uptown,1898,1656.0,1644.0
2025-02-12,Midtown,1187,1656.0,1644.0
2025-02-12,Downtown,1576,1656.0,1644.0
2025-02-12,Suburb,1963,1656.0,1644.0
2025-02-13,Uptown,990,1021.5,1106.5
2025-02-13,Midtown,1058,1021.5,1106.5
2025-02-13,Downtown,996,1021.5,1106.5
2025-02-13,Suburb,1042,1021.5,1106.5
2025-02-14,Uptown,906,814.75,755.75
2025-02-14,Midtown,992,814.75,755.75
2025-02-14,Downtown,728,814.75,755.75
2025-02-14,Suburb,633,814.75,755.75
2025-02-15,Uptown,617,946.25,908.25
2025-02-15,Midtown,1427,946.25,908.25
2025-02-15,Downtown,758,946.25,908.25
2025-02-15,Suburb,983,946.25,908.25
2025-02-16,Uptown,1779,1423.75,1391.75
2025-02-16,Midtown,897,1423.75,1391.75
2025-02-16,Downtown,1780,1423.75,1391.75
2025-02-16,Suburb,1239,1423.75,1391.75
2025-02-17,Uptown,762,1182.5,1232.5
2025-02-17,Midtown,1767,1182.5,1232.5
2025-02-17,Downtown,938,1182.5,1232.5
2025-02-17,Suburb,1263,1182.5,1232.5
2025-02-18,Uptown,1159,1198.0,1096.0
2025-02-18,Midtown,1371,1198.0,1096.0
2025-02-18,Downtown,1276,1198.0,1096.0
2025-02-18,Suburb,986,1198.0,1096.0
2025-02-19,Uptown,1020,1078.0,1126.0
2025-02-19,Midtown,974,1078.0,1126.0
2025-02-19,Downtown,777,1078.0,1126.0
2025-02-19,Suburb,1541,1078.0,1126.0
2025-02-20,Uptown,1651,1193.25,1130.25
2025-02-20,Midtown,730,1193.25,1130.25
2025-02-20,Downtown,1522,1193.25,1130.25
2025-02-20,Suburb,870,1193.25,1130.25
2025-02-21,Uptown,1255,1085.0,1033.0
2025-02-21,Midtown,573,1085.0,1033.0
2025-02-21,Downtown,1648,1085.0,1033.0
2025-02-21,Suburb,864,1085.0,1033.0
2025-02-22,Uptown,1067,792.25,776.25
2025-02-22,Midtown,744,792.25,776.25
2025-02-22,Downtown,808,792.25,776.25
2025-02-22,Suburb,550,792.25,776.25
2025-02-23,Uptown,1335,1672.0,1788.0
2025-02-23,Midtown,1496,1672.0,1788.0
2025-02-23,Downtown,1996,1672.0,1788.0
2025-02-23,Suburb,1861,1672.0,1788.0
2025-02-24,Uptown,537,1290.25,1341.25
2025-02-24,Midtown,1168,1290.25,1341.25
2025-02-24,Downtown,1749,1290.25,1341.25
2025-02-24,Suburb,1707,1290.25,1341.25
2025-02-25,Uptown,1897,1296.0,1251.0
2025-02-25,Midtown,603,1296.0,1251.0
2025-02-25,Downtown,1820,1296.0,1251.0
2025-02-25,Suburb,864,1296.0,1251.0
2025-02-26,Uptown,641,1104.25,1029.25
2025-02-26,Midtown,971,1104.25,1029.25
2025-02-26,Downtown,1493,1104.25,1029.25
2025-02-26,Suburb,1312,1104.25,1029.25
2025-02-27,Uptown,1743,1510.75,1497.75
2025-02-27,Midtown,1905,1510.75,1497.75
2025-02-27,Downtown,1831,1510.75,1497.75
2025-02-27,Suburb,564,1510.75,1497.75
2025-02-28,Uptown,1710,1510.5,1608.5
2025-02-28,Midtown,1275,1510.5,1608.5
2025-02-28,Downtown,1912,1510.5,1608.5
2025-02-28,Suburb,1145,1510.5,1608.5
2025-03-01,Uptown,1643,1132.5,1043.5
2025-03-01,Midtown,860,1132.5,1043.5
2025-03-01,Downtown,788,1132.5,1043.5
2025-03-01,Suburb,1239,1132.5,1043.5
2025-03-02,Uptown,925,1277.0,1302.0
2025-03-02,Midtown,1349,1277.0,1302.0
2025-03-02,Downtown,1635,1277.0,1302.0
2025-03-02,Suburb,1199,1277.0,1302.0
2025-03-03,Uptown,685,822.25,892.25
2025-03-03,Midtown,501,822.25,892.25
2025-03-03,Downtown,924,822.25,892.25
2025-03-03,Suburb,1179,822.25,892.25
2025-03-04,Uptown,1946,1785.0,1637.0
2025-03-04,Midtown,1660,1785.0,1637.0
2025-03-04,Downtown,1748,1785.0,1637.0
2025-03-04,Suburb,1786,1785.0,1637.0
2025-03-05,Uptown,805,915.0,995.0
2025-03-05,Midtown,553,915.0,995.0
2025-03-05,Downtown,905,915.0,995.0
2025-03-05,Suburb,1397,915.0,995.0
2025-03-06,Uptown,594,893.25,1006.25
2025-03-06,Midtown,1135,893.25,1006.25
2025-03-06,Downtown,837,893.25,1006.25
2025-03-06,Suburb,1007,893.25,1006.25
2025-03-07,Uptown,1647,1755.75,1712.75
2025-03-07,Midtown,1775,1755.75,1712.75
2025-03-07,Downtown,1951,1755.75,1712.75
2025-03-07,Suburb,1650,1755.75,1712.75
2025-03-08,Uptown,817,1031.75,966.75
2025-03-08,Midtown,1767,1031.75,966.75
2025-03-08,Downtown,641,1031.75,966.75
2025-03-08,Suburb,902,1031.75,966.75
2025-03-09,Uptown,1338,1456.5,1531.5
2025-03-09,Midtown,1688,1456.5,1531.5
2025-03-09,Downtown,1854,1456.5,1531.5
2025-03-09,Suburb,946,1456.5,1531.5
2025-03-10,Uptown,645,971.25,940.25
2025-03-10,Midtown,1423,971.25,940.25
2025-03-10,Downtown,715,971.25,940.25
2025-03-10,Suburb,1102,971.25,940.25
2025-03-11,Uptown,1234,1248.0,1388.0
2025-03-11,Midtown,1685,1248.0,1388.0
2025-03-11,Downtown,747,1248.0,1388.0
2025-03-11,Suburb,1326,1248.0,1388.0
2025-03-12,Uptown,730,1198.25,1165.25
2025-03-12,Midtown,550,1198.25,1165.25
2025-03-12,Downtown,1998,1198.25,1165.25
2025-03-12,Suburb,1515,1198.25,1165.25
2025-03-13,Uptown,751,1094.75,996.75
2025-03-13,Midtown,1320,1094.75,996.75
2025-03-13,Downtown,1079,1094.75,996.75
2025-03-13,Suburb,1229,1094.75,996.75
2025-03-14,Uptown,709,995.5,967.5
2025-03-14,Midtown,717,995.5,967.5
2025-03-14,Downtown,604,995.5,967.5
2025-03-14,Suburb,1952,995.5,967.5
2025-03-15,Uptown,813,1052.5,943.5
2025-03-15,Midtown,1372,1052.5,943.5
2025-03-15,Downtown,1419,1052.5,943.5
2025-03-15,Suburb,606,1052.5,943.5
2025-03-16,Uptown,1039,964.75,911.75
2025-03-16,Midtown,1574,964.75,911.75
2025-03-16,Downtown,506,964.75,911.75
2025-03-16,Suburb,740,964.75,911.75
2025-03-17,Uptown,1090,1051.75,1188.75
2025-03-17,Midtown,1296,1051.75,1188.75
2025-03-17,Downtown,641,1051.75,1188.75
2025-03-17,Suburb,1180,1051.75,1188.75
2025-03-18,Uptown,1446,868.75,879.75
2025-03-18,Midtown,829,868.75,879.75
2025-03-18,Downtown,637,868.75,879.75
2025-03-18,Suburb,563,868.75,879.75
2025-03-19,Uptown,1885,1601.75,1655.75
2025-03-19,Midtown,1458,1601.75,1655.75
2025-03-19,Downtown,1970,1601.75,1655.75
2025-03-19,Suburb,1094,1601.75,1655.75
2025-03-20,Uptown,1908,1469.25,1520.25
2025-03-20,Midtown,860,1469.25,1520.25
2025-03-20,Downtown,1845,1469.25,1520.25
2025-03-20,Suburb,1264,1469.25,1520.25
2025-03-21,Uptown,1370,1336.0,1208.0
2025-03-21,Midtown,1129,1336.0,1208.0
2025-03-21,Downtown,1325,1336.0,1208.0
2025-03-21,Suburb,1520,1336.0,1208.0
2025-03-22,Uptown,1365,1265.75,1182.75
2025-03-22,Midtown,1578,1265.75,1182.75
2025-03-22,Downtown,1185,1265.75,1182.75
2025-03-22,Suburb,935,1265.75,1182.75
2025-03-23,Uptown,1660,1534.75,1442.75
2025-03-23,Midtown,1823,1534.75,1442.75
2025-03-23,Downtown,1381,1534.75,1442.75
2025-03-23,Suburb,1275,1534.75,1442.75
2025-03-24,Uptown,672,1038.25,1145.25
2025-03-24,Midtown,1164,1038.25,1145.25
2025-03-24,Downtown,1654,1038.25,1145.25
2025-03-24,Suburb,663,1038.25,1145.25
2025-03-25,Uptown,1170,1054.0,1133.0
2025-03-25,Midtown,1038,1054.0,1133.0
2025-03-25,Downtown,1253,1054.0,1133.0
2025-03-25,Suburb,755,1054.0,1133.0
2025-03-26,Uptown,597,914.25,914.25
2025-03-26,Midtown,1962,914.25,914.25
2025-03-26,Downtown,554,914.25,914.25
2025-03-26,Suburb,544,914.25,914.25
2025-03-27,Uptown,1281,1344.25,1219.25
2025-03-27,Midtown,1575,1344.25,1219.25
2025-03-27,Downtown,1783,1344.25,1219.25
2025-03-27,Suburb,738,1344.25,1219.25
2025-03-28,Uptown,1239,1054.0,1193.0
2025-03-28,Midtown,605,1054.0,1193.0
2025-03-28,Downtown,1299,1054.0,1193.0
2025-03-28,Suburb,1073,1054.0,1193.0
2025-03-29,Uptown,1772,1350.25,1263.25
2025-03-29,Midtown,1033,1350.25,1263.25
2025-03-29,Downtown,1447,1350.25,1263.25
2025-03-29,Suburb,1149,1350.25,1263.25
2025-03-30,Uptown,948,1334.0,1479.0
2025-03-30,Midtown,1407,1334.0,1479.0
2025-03-30,Downtown,1322,1334.0,1479.0
2025-03-30,Suburb,1659,1334.0,1479.0
2025-03-31,Uptown,791,945.5,1074.5
2025-03-31,Midtown,895,945.5,1074.5
2025-03-31,Downtown,813,945.5,1074.5
2025-03-31,Suburb,1283,945.5,1074.5
2025-04-01,Uptown,1098,1290.0,1222.0
2025-04-01,Midtown,1842,1290.0,1222.0
2025-04-01,Downtown,1291,1290.0,1222.0
2025-04-01,Suburb,929,1290.0,1222.0
2025-04-02,Uptown,728,1205.5,1088.5
2025-04-02,Midtown,1478,1205.5,1088.5
2025-04-02,Downtown,918,1205.5,1088.5
2025-04-02,Suburb,1698,1205.5,1088.5
2025-04-03,Uptown,935,941.0,1006.0
2025-04-03,Midtown,1315,941.0,1006.0
2025-04-03,Downtown,546,941.0,1006.0
2025-04-03,Suburb,968,941.0,1006.0
2025-04-04,Uptown,587,1234.25,1231.25
2025-04-04,Midtown,1721,1234.25,1231.25
2025-04-04,Downtown,1036,1234.25,1231.25
2025-04-04,Suburb,1593,1234.25,1231.25
2025-04-05,Uptown,1333,1477.5,1565.5
2025-04-05,Midtown,1684,1477.5,1565.5
2025-04-05,Downtown,1743,1477.5,1565.5
2025-04-05,Suburb,1150,1477.5,1565.5
2025-04-06,Uptown,605,1145.5,1184.5
2025-04-06,Midtown,812,1145.5,1184.5
2025-04-06,Downtown,1583,1145.5,1184.5
2025-04-06,Suburb,1582,1145.5,1184.5
2025-04-07,Uptown,1203,1271.25,1234.25
2025-04-07,Midtown,1049,1271.25,1234.25
2025-04-07,Downtown,922,1271.25,1234.25
2025-04-07,Suburb,1911,1271.25,1234.25
2025-04-08,Uptown,1907,1203.25,1222.25
2025-04-08,Midtown,1287,1203.25,1222.25
2025-04-08,Downtown,867,1203.25,1222.25
2025-04-08,Suburb,752,1203.25,1222.25
2025-04-09,Uptown,1615,1481.5,1583.5
2025-04-09,Midtown,1089,1481.5,1583.5
2025-04-09,Downtown,1575,1481.5,1583.5
2025-04-09,Suburb,1647,1481.5,1583.5
2025-04-10,Uptown,1914,1415.25,1513.25
2025-04-10,Midtown,1368,1415.25,1513.25
2025-04-10,Downtown,882,1415.25,1513.25
2025-04-10,Suburb,1497,1415.25,1513.25
2025-04-11,Uptown,581,880.0,849.0
2025-04-11,Midtown,766,880.0,849.0
2025-04-11,Downtown,536,880.0,849.0
2025-04-11,Suburb,1637,880.0,849.0
2025-04-12,Uptown,1847,1204.5,1279.5
2025-04-12,Midtown,1308,1204.5,1279.5
2025-04-12,Downtown,1160,1204.5,1279.5
2025-04-12,Suburb,503,1204.5,1279.5
2025-04-13,Uptown,1413,1481.0,1348.0
2025-04-13,Midtown,1944,1481.0,1348.0
2025-04-13,Downtown,1426,1481.0,1348.0
2025-04-13,Suburb,1141,1481.0,1348.0
2025-04-14,Uptown,1007,1235.25,1222.25
2025-04-14,Midtown,696,1235.25,1222.25
2025-04-14,Downtown,1743,1235.25,1222.25
2025-04-14,Suburb,1495,1235.25,1222.25
2025-04-15,Uptown,1240,1363.0,1299.0
2025-04-15,Midtown,1138,1363.0,1299.0
2025-04-15,Downtown,1773,1363.0,1299.0
2025-04-15,Suburb,1301,1363.0,1299.0
2025-04-16,Uptown,1660,1390.25,1492.25
2025-04-16,Midtown,778,1390.25,1492.25
2025-04-16,Downtown,1177,1390.25,1492.25
2025-04-16,Suburb,1946,1390.25,1492.25
2025-04-17,Uptown,926,1179.75,1052.75
2025-04-17,Midtown,1125,1179.75,1052.75
2025-04-17,Downtown,1604,1179.75,1052.75
2025-04-17,Suburb,1064,1179.75,1052.75
2025-04-18,Uptown,1276,1104.75,1098.75
2025-04-18,Midtown,745,1104.75,1098.75
2025-04-18,Downtown,566,1104.75,1098.75
2025-04-18,Suburb,1832,1104.75,1098.75
2025-04-19,Uptown,1521,997.5,927.5
2025-04-19,Midtown,697,997.5,927.5
2025-04-19,Downtown,754,997.5,927.5
2025-04-19,Suburb,1018,997.5,927.5
2025-04-20,Uptown,1630,1237.5,1283.5
2025-04-20,Midtown,970,1237.5,1283.5
2025-04-20,Downtown,1685,1237.5,1283.5
2025-04-20,Suburb,665,1237.5,1283.5
2025-04-21,Uptown,647,1352.0,1382.0
2025-04-21,Midtown,1957,1352.0,1382.0
2025-04-21,Downtown,1569,1352.0,1382.0
2025-04-21,Suburb,1235,1352.0,1382.0
2025-04-22,Uptown,788,905.75,874.75
2025-04-22,Midtown,851,905.75,874.75
2025-04-22,Downtown,1156,905.75,874.75
2025-04-22,Suburb,828,905.75,874.75
2025-04-23,Uptown,1466,1800.5,1670.5
2025-04-23,Midtown,1914,1800.5,1670.5
2025-04-23,Downtown,1905,1800.5,1670.5
2025-04-23,Suburb,1917,1800.5,1670.5
2025-04-24,Uptown,1277,1320.75,1292.75
2025-04-24,Midtown,1823,1320.75,1292.75
2025-04-24,Downtown,1595,1320.75,1292.75
2025-04-24,Suburb,588,1320.75,1292.75
2025-04-25,Uptown,1061,1462.75,1435.75
2025-04-25,Midtown,1604,1462.75,1435.75
2025-04-25,Downtown,1902,1462.75,1435.75
2025-04-25,Suburb,1284,1462.75,1435.75
2025-04-26,Uptown,546,1339.0,1282.0
2025-04-26,Midtown,1796,1339.0,1282.0
2025-04-26,Downtown,1085,1339.0,1282.0
2025-04-26,Suburb,1929,1339.0,1282.0
2025-04-27,Uptown,1768,1251.25,1126.25
2025-04-27,Midtown,995,1251.25,1126.25
2025-04-27,Downtown,922,1251.25,1126.25
2025-04-27,Suburb,1320,1251.25,1126.25
2025-04-28,Uptown,1881,1560.5,1649.5
2025-04-28,Midtown,1605,1560.5,1649.5
2025-04-28,Downtown,1031,1560.5,1649.5
2025-04-28,Suburb,1725,1560.5,1649.5
2025-04-29,Uptown,713,1110.25,1182.25
2025-04-29,Midtown,1439,1110.25,1182.25
2025-04-29,Downtown,548,1110.25,1182.25
2025-04-29,Suburb,1741,1110.25,1182.25
2025-04-30,Uptown,671,773.5,897.5
2025-04-30,Midtown,909,773.5,897.5
2025-04-30,Downtown,660,773.5,897.5
2025-04-30,Suburb,854,773.5,897.5
2025-05-01,Uptown,1935,1463.25,1552.25
2025-05-01,Midtown,798,1463.25,1552.25
2025-05-01,Downtown,1588,1463.25,1552.25
2025-05-01,Suburb,1532,1463.25,1552.25
2025-05-02,Uptown,1407,1186.75,1292.75
2025-05-02,Midtown,1588,1186.75,1292.75
2025-05-02,Downtown,572,1186.75,1292.75
2025-05-02,Suburb,1180,1186.75,1292.75
2025-05-03,Uptown,1177,1334.5,1466.5
2025-05-03,Midtown,1791,1334.5,1466.5
2025-05-03,Downtown,1813,1334.5,1466.5
2025-05-03,Suburb,557,1334.5,1466.5
2025-05-04,Uptown,1058,1219.5,1081.5
2025-05-04,Midtown,1323,1219.5,1081.5
2025-05-04,Downtown,1733,1219.5,1081.5
2025-05-04,Suburb,764,1219.5,1081.5
2025-05-05,Uptown,1263,1143.0,1073.0
2025-05-05,Midtown,622,1143.0,1073.0
2025-05-05,Downtown,1051,1143.0,1073.0
2025-05-05,Suburb,1636,1143.0,1073.0
2025-05-06,Uptown,1238,1282.5,1214.5
2025-05-06,Midtown,1692,1282.5,1214.5
2025-05-06,Downtown,1325,1282.5,1214.5
2025-05-06,Suburb,875,1282.5,1214.5
2025-05-07,Uptown,1982,1582.0,1604.0
2025-05-07,Midtown,1119,1582.0,1604.0
2025-05-07,Downtown,1390,1582.0,1604.0
2025-05-07,Suburb,1837,1582.0,1604.0
2025-05-08,Uptown,1652,1155.0,1050.0
2025-05-08,Midtown,550,1155.0,1050.0
2025-05-08,Downtown,1901,1155.0,1050.0
2025-05-08,Suburb,517,1155.0,1050.0
2025-05-09,Uptown,1430,1379.75,1262.75
2025-05-09,Midtown,1463,1379.75,1262.75
2025-05-09,Downtown,933,1379.75,1262.75
2025-05-09,Suburb,1693,1379.75,1262.75
2025-05-10,Uptown,988,1467.75,1363.75
2025-05-10,Midtown,1049,1467.75,1363.75
2025-05-10,Downtown,1976,1467.75,1363.75
2025-05-10,Suburb,1858,1467.75,1363.75
2025-05-11,Uptown,1097,1107.5,1060.5
2025-05-11,Midtown,1873,1107.5,1060.5
2025-05-11,Downtown,565,1107.5,1060.5
2025-05-11,Suburb,895,1107.5,1060.5
2025-05-12,Uptown,652,1173.75,1191.75
2025-05-12,Midtown,1903,1173.75,1191.75
2025-05-12,Downtown,543,1173.75,1191.75
2025-05-12,Suburb,1597,1173.75,1191.75
2025-05-13,Uptown,1755,1342.5,1358.5
2025-05-13,Midtown,1355,1342.5,1358.5
2025-05-13,Downtown,1177,1342.5,1358.5
2025-05-13,Suburb,1083,1342.5,1358.5
2025-05-14,Uptown,968,807.75,687.75
2025-05-14,Midtown,875,807.75,687.75
2025-05-14,Downtown,650,807.75,687.75
2025-05-14,Suburb,738,807.75,687.75
2025-05-15,Uptown,1200,1200.75,1260.75
2025-05-15,Midtown,596,1200.75,1260.75
2025-05-15,Downtown,1083,1200.75,1260.75
2025-05-15,Suburb,1924,1200.75,1260.75
2025-05-16,Uptown,1266,1092.5,1200.5
2025-05-16,Midtown,1406,1092.5,1200.5
2025-05-16,Downtown,1054,1092.5,1200.5
2025-05-16,Suburb,644,1092.5,1200.5
2025-05-17,Uptown,1511,977.5,1117.5
2025-05-17,Midtown,770,977.5,1117.5
2025-05-17,Downtown,554,977.5,1117.5
2025-05-17,Suburb,1075,977.5,1117.5
2025-05-18,Uptown,995,1335.5,1397.5
2025-05-18,Midtown,1585,1335.5,1397.5
2025-05-18,Downtown,1636,1335.5,1397.5
2025-05-18,Suburb,1126,1335.5,1397.5
2025-05-19,Uptown,1619,1533.25,1435.25
2025-05-19,Midtown,1261,1533.25,1435.25
2025-05-19,Downtown,1356,1533.25,1435.25
2025-05-19,Suburb,1897,1533.25,1435.25
2025-05-20,Uptown,1516,1115.0,1114.0
2025-05-20,Midtown,910,1115.0,1114.0
2025-05-20,Downtown,914,1115.0,1114.0
2025-05-20,Suburb,1120,1115.0,1114.0
2025-05-21,Uptown,938,1306.0,1168.0
2025-05-21,Midtown,1649,1306.0,1168.0
2025-05-21,Downtown,1091,1306.0,1168.0
2025-05-21,Suburb,1546,1306.0,1168.0
2025-05-22,Uptown,1660,1515.25,1399.25
2025-05-22,Midtown,1596,1515.25,1399.25
2025-05-22,Downtown,1646,1515.25,1399.25
2025-05-22,Suburb,1159,1515.25,1399.25
2025-05-23,Uptown,1744,1300.75,1292.75
2025-05-23,Midtown,827,1300.75,1292.75
2025-05-23,Downtown,1370,1300.75,1292.75
2025-05-23,Suburb,1262,1300.75,1292.75
2025-05-24,Uptown,1799,1542.0,1454.0
2025-05-24,Midtown,1199,1542.0,1454.0
2025-05-24,Downtown,1539,1542.0,1454.0
2025-05-24,Suburb,1631,1542.0,1454.0
2025-05-25,Uptown,1475,1396.5,1471.5
2025-05-25,Midtown,1786,1396.5,1471.5
2025-05-25,Downtown,1220,1396.5,1471.5
2025-05-25,Suburb,1105,1396.5,1471.5
2025-05-26,Uptown,880,922.0,911.0
2025-05-26,Midtown,725,922.0,911.0
2025-05-26,Downtown,1498,922.0,911.0
2025-05-26,Suburb,585,922.0,911.0
2025-05-27,Uptown,1035,1314.25,1462.25
2025-05-27,Midtown,1797,1314.25,1462.25
2025-05-27,Downtown,554,1314.25,1462.25
2025-05-27,Suburb,1871,1314.25,1462.25
2025-05-28,Uptown,1569,1535.25,1541.25
2025-05-28,Midtown,1375,1535.25,1541.25
2025-05-28,Downtown,1862,1535.25,1541.25
2025-05-28,Suburb,1335,1535.25,1541.25
2025-05-29,Uptown,1181,1178.5,1142.5
2025-05-29,Midtown,1939,1178.5,1142.5
2025-05-29,Downtown,626,1178.5,1142.5
2025-05-29,Suburb,968,1178.5,1142.5
2025-05-30,Uptown,576,1043.0,1147.0
2025-05-30,Midtown,1919,1043.0,1147.0
2025-05-30,Downtown,1085,1043.0,1147.0
2025-05-30,Suburb,592,1043.0,1147.0
2025-05-31,Uptown,1162,1068.5,1123.5
2025-05-31,Midtown,769,1068.5,1123.5
2025-05-31,Downtown,764,1068.5,1123.5
2025-05-31,Suburb,1579,1068.5,1123.5
2025-06-01,Uptown,1551,1610.25,1685.25
2025-06-01,Midtown,1355,1610.25,1685.25
2025-06-01,Downtown,1864,1610.25,1685.25
2025-06-01,Suburb,1671,1610.25,1685.25
2025-06-02,Uptown,1743,1179.5,1278.5
2025-06-02,Midtown,535,1179.5,1278.5
2025-06-02,Downtown,1196,1179.5,1278.5
2025-06-02,Suburb,1244,1179.5,1278.5
2025-06-03,Uptown,1973,1714.0,1576.0
2025-06-03,Midtown,1591,1714.0,1576.0
2025-06-03,Downtown,1462,1714.0,1576.0
2025-06-03,Suburb,1830,1714.0,1576.0
2025-06-04,Uptown,1952,1332.5,1367.5
2025-06-04,Midtown,1231,1332.5,1367.5
2025-06-04,Downtown,1388,1332.5,1367.5
2025-06-04,Suburb,759,1332.5,1367.5
2025-06-05,Uptown,1463,1145.0,1007.0
2025-06-05,Midtown,920,1145.0,1007.0
2025-06-05,Downtown,998,1145.0,1007.0
2025-06-05,Suburb,1199,1145.0,1007.0
2025-06-06,Uptown,1641,1523.5,1544.5
2025-06-06,Midtown,1912,1523.5,1544.5
2025-06-06,Downtown,1884,1523.5,1544.5
2025-06-06,Suburb,657,1523.5,1544.5
2025-06-07,Uptown,1999,1272.0,1346.0
2025-06-07,Midtown,932,1272.0,1346.0
2025-06-07,Downtown,585,1272.0,1346.0
2025-06-07,Suburb,1572,1272.0,1346.0
2025-06-08,Uptown,1501,1204.5,1341.5
2025-06-08,Midtown,1061,1204.5,1341.5
2025-06-08,Downtown,1049,1204.5,1341.5
2025-06-08,Suburb,1207,1204.5,1341.5
2025-06-09,Uptown,1491,1014.5,1005.5
2025-06-09,Midtown,500,1014.5,1005.5
2025-06-09,Downtown,1425,1014.5,1005.5
2025-06-09,Suburb,642,1014.5,1005.5
2025-06-10,Uptown,1824,1232.75,1361.75
2025-06-10,Midtown,1274,1232.75,1361.75
2025-06-10,Downtown,721,1232.75,1361.75
2025-06-10,Suburb,1112,1232.75,1361.75
2025-06-11,Uptown,970,1141.25,1139.25
2025-06-11,Midtown,797,1141.25,1139.25
2025-06-11,Downtown,810,1141.25,1139.25
2025-06-11,Suburb,1988,1141.25,1139.25
2025-06-12,Uptown,1612,1201.5,1103.5
2025-06-12,Midtown,1744,1201.5,1103.5
2025-06-12,Downtown,696,1201.5,1103.5
2025-06-12,Suburb,754,1201.5,1103.5
2025-06-13,Uptown,1025,1032.5,1084.5
2025-06-13,Midtown,798,1032.5,1084.5
2025-06-13,Downtown,1008,1032.5,1084.5
2025-06-13,Suburb,1299,1032.5,1084.5
2025-06-14,Uptown,1960,1175.25,1284.25
2025-06-14,Midtown,795,1175.25,1284.25
2025-06-14,Downtown,566,1175.25,1284.25
2025-06-14,Suburb,1380,1175.25,1284.25
2025-06-15,Uptown,834,1116.0,1010.0
2025-06-15,Midtown,1538,1116.0,1010.0
2025-06-15,Downtown,1266,1116.0,1010.0
2025-06-15,Suburb,826,1116.0,1010.0
2025-06-16,Uptown,680,817.5,806.5
2025-06-16,Midtown,949,817.5,806.5
2025-06-16,Downtown,511,817.5,806.5
2025-06-16,Suburb,1130,817.5,806.5
2025-06-17,Uptown,1535,1521.5,1518.5
2025-06-17,Midtown,1163,1521.5,1518.5
2025-06-17,Downtown,1504,1521.5,1518.5
2025-06-17,Suburb,1884,1521.5,1518.5
2025-06-18,Uptown,787,1104.75,1168.75
2025-06-18,Midtown,1580,1104.75,1168.75
2025-06-18,Downtown,1423,1104.75,1168.75
2025-06-18,Suburb,629,1104.75,1168.75
2025-06-19,Uptown,907,1075.25,1008.25
2025-06-19,Midtown,763,1075.25,1008.25
2025-06-19,Downtown,717,1075.25,1008.25
2025-06-19,Suburb,1914,1075.25,1008.25
2025-06-20,Uptown,1039,1221.5,1363.5
2025-06-20,Midtown,1378,1221.5,1363.5
2025-06-20,Downtown,669,1221.5,1363.5
2025-06-20,Suburb,1800,1221.5,1363.5
2025-06-21,Uptown,967,787.75,713.75
2025-06-21,Midtown,1108,787.75,713.75
2025-06-21,Downtown,566,787.75,713.75
2025-06-21,Suburb,510,787.75,713.75
2025-06-22,Uptown,1925,1687.25,1709.25
2025-06-22,Midtown,1745,1687.25,1709.25
2025-06-22,Downtown,1627,1687.25,1709.25
2025-06-22,Suburb,1452,1687.25,1709.25
2025-06-23,Uptown,885,1130.5,1235.5
2025-06-23,Midtown,1610,1130.5,1235.5
2025-06-23,Downtown,1360,1130.5,1235.5
2025-06-23,Suburb,667,1130.5,1235.5
2025-06-24,Uptown,1041,1138.75,1256.75
2025-06-24,Midtown,1401,1138.75,1256.75
2025-06-24,Downtown,1207,1138.75,1256.75
2025-06-24,Suburb,906,1138.75,1256.75
2025-06-25,Uptown,1986,1511.75,1608.75
2025-06-25,Midtown,672,1511.75,1608.75
2025-06-25,Downtown,1392,1511.75,1608.75
2025-06-25,Suburb,1997,1511.75,1608.75
2025-06-26,Uptown,1691,1514.25,1380.25
2025-06-26,Midtown,969,1514.25,1380.25
2025-06-26,Downtown,1895,1514.25,1380.25
2025-06-26,Suburb,1502,1514.25,1380.25
2025-06-27,Uptown,950,1192.0,1123.0
2025-06-27,Midtown,1181,1192.0,1123.0
2025-06-27,Downtown,1845,1192.0,1123.0
2025-06-27,Suburb,792,1192.0,1123.0
2025-06-28,Uptown,1521,1414.5,1426.5
2025-06-28,Midtown,1700,1414.5,1426.5
2025-06-28,Downtown,692,1414.5,1426.5
2025-06-28,Suburb,1745,1414.5,1426.5
2025-06-29,Uptown,1231,1298.25,1446.25
2025-06-29,Midtown,1987,1298.25,1446.25
2025-06-29,Downtown,942,1298.25,1446.25
2025-06-29,Suburb,1033,1298.25,1446.25
2025-06-30,Uptown,903,1159.5,1095.5
2025-06-30,Midtown,1082,1159.5,1095.5
2025-06-30,Downtown,1320,1159.5,1095.5
2025-06-30,Suburb,1333,1159.5,1095.5
