Store,Date,Daily Sales,Industry Average,Global Average,Units Sold,Average Basket Size,Number of Transactions,Foot Traffic,Conversion Rate (%),Gross Margin (%),Net Profit,Inventory Available,Stockout Flag,Customer Satisfaction Score,Promotion Active
Central,2025-01-01,168820.14,183936.39,170312.72,589,4.96,118,354,33.33,44.0,74280.86,664,No,5,No
Central,2025-01-02,141740.99,146199.28,151441.74,262,2.58,101,326,30.98,41.44,58737.47,937,No,1,No
Central,2025-01-03,184586.39,199722.44,208582.73,332,2.26,146,316,46.2,54.11,99879.7,303,No,2,No
Central,2025-01-04,185068.57,173234.71,188530.44,695,1.93,360,854,42.15,45.55,84298.73,608,No,2,No
Central,2025-01-05,115746.25,107575.41,104585.6,214,2.04,104,468,22.22,48.16,55743.39,1698,No,2,Yes
Central,2025-01-06,216858.53,216642.77,196849.96,554,2.27,244,526,46.39,36.21,78524.47,220,No,4,No
Central,2025-01-07,148936.95,163360.1,172052.15,345,3.66,94,483,19.46,40.97,61019.47,1572,No,1,Yes
Central,2025-01-08,146026.32,140474.33,146670.29,519,4.23,122,452,26.99,57.89,84534.64,67,No,2,Yes
Central,2025-01-09,326160.66,346203.44,328542.32,897,2.3,390,864,45.14,34.82,113569.14,191,No,4,Yes
Central,2025-01-10,245051.74,259190.75,248747.88,986,4.72,208,524,39.69,42.4,103901.94,1516,No,5,No
Central,2025-01-11,256500.38,263082.52,255376.88,651,3.31,196,452,43.36,33.21,85183.78,682,No,4,Yes
Central,2025-01-12,163714.18,157574.81,160155.4,982,3.1,316,425,74.35,44.13,72247.07,565,No,1,Yes
Central,2025-01-13,188087.24,206153.63,219464.62,970,4.98,194,614,31.6,46.33,87140.82,822,No,2,Yes
Central,2025-01-14,233427.77,212263.05,208185.58,515,2.45,210,556,37.77,53.9,125817.57,1634,No,5,No
Central,2025-01-15,198480.43,215593.33,196315.76,599,3.11,192,339,56.64,52.06,103328.91,643,No,2,No
Central,2025-01-16,277085.93,264353.44,261677.7,676,2.48,272,554,49.1,51.95,143946.14,755,No,1,Yes
Central,2025-01-17,241182.48,253712.86,241753.27,637,4.94,128,430,29.77,30.63,73874.19,784,No,5,No
Central,2025-01-18,178554.97,163606.45,150917.63,941,2.55,369,528,69.89,51.06,91170.17,1707,No,3,No
Central,2025-01-19,204024.21,184894.06,194315.98,290,3.67,79,558,14.16,45.79,93422.69,1512,No,5,No
Central,2025-01-20,219964.13,205432.8,187269.15,785,3.93,199,516,38.57,56.18,123575.85,657,No,2,No
Central,2025-01-21,281093.1,266584.48,279350.33,620,3.48,178,521,34.17,59.06,166013.58,1278,No,4,No
Central,2025-01-22,177135.47,179206.21,177404.85,458,4.04,113,396,28.54,31.15,55177.7,930,No,5,Yes
Central,2025-01-23,168501.48,175500.73,170842.34,595,4.19,142,520,27.31,49.88,84048.54,1254,No,1,Yes
Central,2025-01-24,101860.82,104173.19,110537.47,778,3.65,213,438,48.63,40.04,40785.07,1741,No,2,No
Central,2025-01-25,229505.46,217468.34,226411.89,682,1.82,374,475,78.74,26.81,61530.41,700,No,5,Yes
Central,2025-01-26,156642.05,165750.53,176604.86,664,3.65,181,467,38.76,45.77,71695.07,1742,No,1,Yes
Central,2025-01-27,218102.65,223384.74,214937.59,226,3.0,75,261,28.74,27.99,61046.93,639,No,1,Yes
Central,2025-01-28,186600.71,173216.5,183818.08,102,2.96,34,410,8.29,21.29,39727.29,1147,No,1,No
Central,2025-01-29,189988.65,174132.79,190131.71,737,2.73,269,534,50.37,58.79,111694.33,606,No,3,No
Central,2025-01-30,145833.55,145864.0,149352.36,810,2.09,387,706,54.82,33.6,49000.07,1452,No,4,No
Central,2025-01-31,143803.23,132749.09,121626.3,944,2.34,403,578,69.72,49.63,71369.54,47,No,4,Yes
Central,2025-02-01,244087.26,236548.05,239416.64,944,2.29,412,558,73.84,38.13,93070.47,1995,No,5,Yes
Central,2025-02-02,271294.71,271486.46,296506.43,903,2.11,427,725,58.9,54.52,147909.88,589,No,1,No
Central,2025-02-03,206955.78,200959.38,215631.66,409,3.4,120,289,41.52,46.38,95986.09,908,No,1,Yes
Central,2025-02-04,179635.16,178031.83,185548.68,753,3.41,220,502,43.82,50.36,90464.27,550,No,1,Yes
Central,2025-02-05,208463.65,220183.44,214072.6,850,2.91,292,530,55.09,52.67,109797.8,927,No,5,Yes
Central,2025-02-06,154275.72,162356.99,165125.35,626,4.83,129,566,22.79,35.44,54675.32,514,No,5,Yes
Central,2025-02-07,230309.3,225425.1,216520.4,781,3.63,215,546,39.38,53.0,122063.93,293,No,3,Yes
Central,2025-02-08,270556.92,274376.54,257263.59,655,3.1,211,392,53.83,29.0,78461.51,730,No,2,Yes
Central,2025-02-09,319653.59,291698.21,285828.33,501,1.73,289,644,44.88,35.28,112773.79,861,No,1,No
Central,2025-02-10,268574.99,287860.52,273362.98,473,2.65,178,348,51.15,58.08,155988.35,923,No,1,No
Central,2025-02-11,252034.47,251636.32,238916.69,440,3.93,111,278,39.93,39.52,99604.02,1320,No,1,Yes
Central,2025-02-12,151594.51,162504.81,177574.23,377,2.05,183,680,26.91,26.21,39732.92,1017,No,4,Yes
Central,2025-02-13,286610.92,314267.83,340218.12,318,4.81,66,450,14.67,33.44,95842.69,1613,No,4,No
Central,2025-02-14,136050.84,128253.8,137082.95,270,3.99,67,288,23.26,27.09,36856.17,974,No,1,No
Central,2025-02-15,133372.84,137248.58,148732.49,464,3.99,116,376,30.85,45.68,60924.71,1805,No,4,No
Central,2025-02-16,202706.4,202412.28,213044.58,551,1.61,342,589,58.06,23.53,47696.82,1949,No,4,No
Central,2025-02-17,165549.56,171640.1,170889.67,551,3.65,150,293,51.19,51.54,85324.24,89,No,5,No
Central,2025-02-18,226279.62,219394.57,201665.89,653,1.65,395,799,49.44,48.63,110039.78,987,No,3,No
Central,2025-02-19,239299.69,243353.77,225037.41,835,3.97,210,523,40.15,58.15,139152.77,1489,No,3,Yes
Central,2025-02-20,180046.88,169441.49,169025.14,260,3.44,75,349,21.49,40.15,72288.82,723,No,2,Yes
Central,2025-02-21,168451.55,166285.59,161897.74,550,3.48,158,571,27.67,46.94,79071.16,1987,No,2,Yes
Central,2025-02-22,113740.25,114624.99,112114.78,139,2.58,53,224,23.66,21.04,23930.95,764,No,5,Yes
Central,2025-02-23,227812.44,214488.97,230891.55,324,2.99,108,238,45.38,53.33,121492.37,1050,No,4,No
Central,2025-02-24,292439.3,289638.86,263219.79,806,1.58,510,866,58.89,50.37,147301.68,1821,No,4,Yes
Central,2025-02-25,191500.14,172779.04,170587.62,810,3.79,213,579,36.79,58.57,112161.63,29,No,4,Yes
Central,2025-02-26,251856.14,267291.82,266673.93,170,2.34,72,300,24.0,35.17,88577.8,433,No,3,Yes
Central,2025-02-27,262686.88,273939.83,258645.09,845,2.22,380,804,47.26,30.58,80329.65,625,No,2,No
Central,2025-02-28,267648.71,260338.79,268853.41,332,3.58,92,412,22.33,46.98,125741.36,1120,No,3,No
Central,2025-03-01,174224.31,164513.14,173266.24,537,1.64,327,765,42.75,40.08,69829.1,1053,No,1,Yes
Central,2025-03-02,198188.83,209888.88,217223.09,614,1.94,316,436,72.48,47.03,93208.21,1378,No,2,No
Central,2025-03-03,200285.04,196229.9,207483.47,555,4.08,136,398,34.17,28.13,56340.18,1821,No,1,Yes
Central,2025-03-04,255499.14,278003.03,290684.8,881,4.13,213,409,52.08,30.28,77365.14,435,No,2,No
Central,2025-03-05,133640.04,134081.89,133903.55,450,3.67,122,292,41.78,34.74,46426.55,1173,No,2,Yes
Central,2025-03-06,184443.32,168390.04,162153.49,239,3.27,73,466,15.67,44.33,81763.72,1591,No,2,No
Central,2025-03-07,242748.47,241555.54,235147.58,994,3.97,250,650,38.46,37.29,90520.9,511,No,5,Yes
Central,2025-03-08,166183.89,154698.0,159221.67,826,3.36,245,541,45.29,37.57,62435.29,407,No,1,No
Central,2025-03-09,202306.32,195328.27,187079.04,657,2.32,283,759,37.29,53.37,107970.88,1370,No,4,No
Central,2025-03-10,211488.16,207835.22,207608.89,116,1.76,65,540,12.04,56.23,118919.79,456,No,4,No
Central,2025-03-11,218214.89,220570.26,231691.66,466,2.8,166,662,25.08,22.85,49862.1,1335,No,5,Yes
Central,2025-03-12,276969.57,283329.67,303352.23,274,4.98,55,308,17.86,20.11,55698.58,1777,No,2,Yes
Central,2025-03-13,182532.93,189195.09,190283.86,121,2.52,48,364,13.19,20.02,36543.09,1521,No,4,Yes
Central,2025-03-14,235957.18,229799.25,224823.26,422,2.74,154,303,50.83,23.21,54765.66,1337,No,3,No
Central,2025-03-15,238237.88,228751.57,218384.72,334,4.98,67,175,38.29,51.09,121715.73,1911,No,3,Yes
Central,2025-03-16,213510.76,210605.77,196224.93,895,3.71,241,620,38.87,41.28,88137.24,550,No,4,Yes
Central,2025-03-17,131341.69,127427.14,138006.11,640,1.94,329,613,53.67,35.48,46600.03,14,No,5,Yes
Central,2025-03-18,216595.71,201460.05,190298.36,580,1.78,325,654,49.69,56.75,122918.07,342,No,2,Yes
Central,2025-03-19,129956.87,142009.69,133649.61,657,4.23,155,330,46.97,22.15,28785.45,250,No,1,Yes
Central,2025-03-20,219166.07,234815.23,244505.71,332,3.09,107,485,22.06,31.34,68686.65,822,No,5,Yes
Central,2025-03-21,139107.76,126440.24,119411.8,793,3.25,244,657,37.14,37.94,52777.48,1590,No,4,No
Central,2025-03-22,151778.77,157950.46,161073.12,463,2.38,194,494,39.27,38.45,58358.94,1622,No,4,Yes
Central,2025-03-23,199659.36,190848.23,187156.74,333,4.34,76,379,20.05,55.78,111369.99,856,No,1,Yes
Central,2025-03-24,151776.69,163945.89,179031.24,350,2.53,138,338,40.83,33.48,50814.84,627,No,3,Yes
Central,2025-03-25,144535.65,139607.42,150713.69,202,2.05,98,410,23.9,52.47,75837.86,1679,No,4,Yes
Central,2025-03-26,192887.85,192377.46,188160.96,548,4.8,114,391,29.16,41.86,80742.85,1554,No,4,No
Central,2025-03-27,212237.98,229961.86,245359.24,222,2.79,79,387,20.41,34.89,74049.83,1438,No,4,Yes
Central,2025-03-28,159577.85,168427.96,155499.16,721,1.57,459,694,66.14,20.94,33415.6,473,No,4,Yes
Central,2025-03-29,206251.19,189601.5,177723.4,157,2.6,60,382,15.71,37.23,76787.32,1047,No,1,Yes
Central,2025-03-30,258454.03,247792.56,253569.65,167,2.73,61,506,12.06,34.12,88184.52,1514,No,3,Yes
Central,2025-03-31,192388.78,193975.7,196639.59,624,4.38,142,433,32.79,41.86,80533.94,1394,No,2,Yes
Northeast,2025-01-01,281144.61,269399.17,245190.46,493,2.51,196,685,28.61,39.16,110096.23,1796,No,5,No
Northeast,2025-01-02,210314.63,193953.4,201569.93,359,2.22,161,607,26.52,59.6,125347.52,166,No,5,Yes
Northeast,2025-01-03,214968.27,204715.28,201134.66,511,2.79,183,558,32.8,53.88,115824.9,1672,No,4,Yes
Northeast,2025-01-04,173624.29,177247.24,176127.47,253,3.86,65,217,29.95,44.82,77818.41,349,No,2,Yes
Northeast,2025-01-05,123877.5,131035.24,130629.28,809,3.0,269,683,39.39,49.51,61331.75,1331,No,1,No
Northeast,2025-01-06,250033.03,242345.66,221251.79,364,4.1,88,561,15.69,45.03,112589.87,271,No,5,No
Northeast,2025-01-07,167803.87,155647.26,161985.72,450,3.16,142,534,26.59,55.01,92308.91,1261,No,4,No
Northeast,2025-01-08,197291.9,197503.2,190148.02,919,4.33,212,408,51.96,53.51,105570.9,449,No,1,No
Northeast,2025-01-09,190245.07,175620.55,189775.96,856,4.79,178,279,63.8,33.78,64264.78,1994,No,1,No
Northeast,2025-01-10,218556.63,233576.27,249270.95,112,3.39,33,185,17.84,41.64,91006.98,1951,No,2,Yes
Northeast,2025-01-11,96533.25,90613.85,83280.59,966,4.92,196,304,64.47,35.69,34452.72,1758,No,1,No
Northeast,2025-01-12,223428.36,219034.03,231015.18,269,2.46,109,608,17.93,31.65,70715.08,973,No,3,No
Northeast,2025-01-13,189590.27,174289.29,171155.37,832,3.29,252,645,39.07,55.24,104729.67,1876,No,2,No
Northeast,2025-01-14,174825.06,159116.4,173483.23,930,3.1,300,716,41.9,34.22,59825.14,1701,No,2,No
Northeast,2025-01-15,217351.82,208417.27,211816.89,849,3.9,217,600,36.17,26.16,56859.24,1637,No,2,Yes
Northeast,2025-01-16,176586.35,160307.23,148155.12,620,3.84,161,603,26.7,23.62,41709.7,659,No,2,No
Northeast,2025-01-17,203082.92,220231.91,241243.01,797,4.99,159,261,60.92,49.03,99571.56,1490,No,2,Yes
Northeast,2025-01-18,234586.88,211405.14,222484.36,529,2.19,241,660,36.52,25.46,59725.82,1786,No,1,No
Northeast,2025-01-19,138003.27,128430.79,118529.51,952,4.32,220,437,50.34,40.14,55394.51,726,No,3,Yes
Northeast,2025-01-20,290820.96,295977.49,268398.32,823,4.4,187,570,32.81,38.77,112751.29,954,No,1,Yes
Northeast,2025-01-21,94599.51,102152.62,105982.02,990,4.98,198,423,46.81,38.74,36647.85,523,No,2,Yes
Northeast,2025-01-22,171358.49,163814.35,149863.08,736,1.6,460,761,60.45,37.64,64499.34,10,No,5,No
Northeast,2025-01-23,271924.79,281451.19,308589.86,214,2.57,83,198,41.92,42.4,115296.11,1092,No,5,Yes
Northeast,2025-01-24,179995.4,182369.06,191358.13,922,4.47,206,650,31.69,42.18,75922.06,1368,No,3,Yes
Northeast,2025-01-25,200300.41,193225.82,196376.87,238,2.03,117,368,31.79,47.84,95823.72,1317,No,2,Yes
Northeast,2025-01-26,202466.51,218914.88,240278.56,548,3.75,146,565,25.84,50.53,102306.33,70,No,2,No
Northeast,2025-01-27,189693.02,190876.6,177331.34,841,4.48,187,396,47.22,25.04,47499.13,30,No,2,No
Northeast,2025-01-28,234940.8,232091.92,240381.72,131,1.63,80,348,22.99,49.63,116601.12,1675,No,2,Yes
Northeast,2025-01-29,203716.0,220766.8,226638.52,795,3.81,208,593,35.08,56.56,115221.77,1586,No,5,Yes
Northeast,2025-01-30,276604.82,276127.14,283998.25,177,2.08,85,365,23.29,40.96,113297.33,1911,No,2,Yes
Northeast,2025-01-31,204214.65,218487.81,213386.94,813,4.11,197,384,51.3,21.33,43558.98,1438,No,3,No
Northeast,2025-02-01,189061.32,190913.28,204732.96,330,1.85,178,435,40.92,51.63,97612.36,502,No,2,No
Northeast,2025-02-02,240595.63,235760.41,232774.48,816,1.73,471,849,55.48,32.15,77351.5,1349,No,4,Yes
Northeast,2025-02-03,164596.91,151027.52,153897.48,440,1.79,245,720,34.03,57.31,94330.49,558,No,4,Yes
Northeast,2025-02-04,189656.97,181553.71,174687.68,487,2.34,208,464,44.83,31.13,59040.21,835,No,4,No
Northeast,2025-02-05,174496.55,181434.9,173060.23,952,4.51,211,474,44.51,44.21,77144.92,1759,No,4,Yes
Northeast,2025-02-06,232673.04,222513.68,232773.94,195,4.3,45,367,12.26,22.21,51676.68,1674,No,3,Yes
Northeast,2025-02-07,227578.52,219361.94,237515.95,168,2.3,73,176,41.48,51.31,116770.54,674,No,1,Yes
Northeast,2025-02-08,302594.09,289197.88,287439.06,907,4.59,197,369,53.39,27.89,84393.49,497,No,3,No
Northeast,2025-02-09,143975.36,132390.8,131145.74,463,3.87,119,415,28.67,44.79,64486.56,1062,No,2,Yes
Northeast,2025-02-10,198978.54,198584.43,179162.82,721,2.49,289,693,41.7,54.16,107766.78,570,No,4,Yes
Northeast,2025-02-11,187787.42,190261.29,187926.02,538,4.68,114,561,20.32,25.38,47660.45,872,No,4,No
Northeast,2025-02-12,281183.14,263221.57,243874.55,719,3.19,225,349,64.47,26.85,75497.67,137,No,3,Yes
Northeast,2025-02-13,220317.83,203124.94,214417.06,135,3.34,40,366,10.93,55.9,123157.67,1969,No,1,No
Northeast,2025-02-14,189623.77,176577.61,171110.48,333,2.38,139,478,29.08,29.5,55939.01,240,No,1,No
Northeast,2025-02-15,204563.33,221821.97,233675.08,734,2.17,338,511,66.14,54.57,111630.21,1702,No,5,Yes
Northeast,2025-02-16,184464.68,196859.46,209960.1,674,4.26,158,278,56.83,26.99,49787.02,1599,No,1,Yes
Northeast,2025-02-17,123501.78,115498.19,113205.59,735,2.44,301,430,70.0,29.12,35963.72,697,No,1,No
Northeast,2025-02-18,232773.44,213654.38,225294.38,811,2.44,332,457,72.65,21.63,50348.9,575,No,1,No
Northeast,2025-02-19,183570.14,179644.92,172527.67,617,3.93,156,545,28.62,49.69,91216.0,1483,No,3,No
Northeast,2025-02-20,106509.12,100262.11,95854.55,304,4.52,67,186,36.02,34.26,36490.02,1624,No,2,Yes
Northeast,2025-02-21,136017.74,137797.86,124179.99,792,2.78,284,477,59.54,49.65,67532.81,519,No,4,No
Northeast,2025-02-22,185647.81,177541.76,165164.78,857,4.65,184,423,43.5,30.03,55750.04,1650,No,4,No
Northeast,2025-02-23,144821.36,135734.95,131789.23,306,2.34,130,245,53.06,34.44,49876.48,844,No,3,No
Northeast,2025-02-24,209317.87,219634.17,201613.37,826,4.44,186,586,31.74,45.17,94548.88,247,No,5,Yes
Northeast,2025-02-25,202060.73,183060.83,174870.59,708,4.16,170,426,39.91,45.98,92907.52,1420,No,3,Yes
Northeast,2025-02-26,136393.83,127716.27,139929.4,650,1.59,408,681,59.91,56.14,76571.5,368,No,2,No
Northeast,2025-02-27,250209.73,253768.87,264721.35,138,4.87,28,184,15.22,39.2,98082.21,1670,No,4,Yes
Northeast,2025-02-28,224894.69,235380.34,230778.24,792,3.85,205,571,35.9,53.45,120206.21,1670,No,1,Yes
Northeast,2025-03-01,157376.37,168666.96,156626.98,530,2.89,183,492,37.2,56.86,89484.2,1923,No,3,Yes
Northeast,2025-03-02,166793.09,169525.08,176408.62,652,3.98,163,398,40.95,26.79,44683.87,367,No,2,No
Northeast,2025-03-03,231040.46,224459.99,232339.49,937,4.99,187,435,42.99,54.76,126517.76,1010,No,1,Yes
Northeast,2025-03-04,156158.92,161234.08,157169.81,736,2.52,292,505,57.82,49.43,77189.35,706,No,1,No
Northeast,2025-03-05,342663.14,320343.79,338581.77,555,2.65,209,474,44.09,38.24,131034.38,1123,No,5,No
Northeast,2025-03-06,88456.16,89097.61,95646.78,305,2.96,103,262,39.31,44.36,39239.15,761,No,3,No
Northeast,2025-03-07,251640.63,270248.61,257881.61,823,2.61,315,726,43.39,31.07,78184.74,452,No,3,No
Northeast,2025-03-08,227127.5,209309.25,226863.05,155,1.83,84,436,19.27,40.75,92554.46,1443,No,3,Yes
Northeast,2025-03-09,177095.11,174198.59,185102.13,158,3.87,40,370,10.81,24.87,44043.55,167,No,3,No
Northeast,2025-03-10,150866.36,136787.33,146263.19,581,4.41,131,544,24.08,50.83,76685.37,127,No,2,Yes
Northeast,2025-03-11,263681.97,265369.52,287068.3,640,4.2,152,396,38.38,41.18,108584.24,1888,No,4,No
Northeast,2025-03-12,155862.26,171281.66,162756.89,491,4.01,122,222,54.95,53.47,83339.55,434,No,3,Yes
Northeast,2025-03-13,221764.92,221388.74,211267.72,372,4.52,82,374,21.93,31.48,69811.6,1357,No,1,No
Northeast,2025-03-14,130924.1,130027.41,137510.3,545,2.63,207,458,45.2,42.53,55682.02,327,No,4,No
Northeast,2025-03-15,205110.07,221971.44,206214.78,359,3.39,105,548,19.16,48.86,100216.78,576,No,2,No
Northeast,2025-03-16,199632.91,197187.66,193806.9,188,4.2,44,225,19.56,20.33,40585.37,1573,No,2,No
Northeast,2025-03-17,281250.21,259282.65,281773.43,682,4.55,149,520,28.65,36.93,103865.7,1022,No,4,No
Northeast,2025-03-18,111794.88,111279.9,119233.9,808,4.91,164,442,37.1,47.25,52823.08,1593,No,4,Yes
Northeast,2025-03-19,226769.72,227334.33,240464.86,815,2.08,391,607,64.42,48.17,109234.97,353,No,2,No
Northeast,2025-03-20,182263.77,169514.93,182646.73,837,1.67,501,982,51.02,35.8,65250.43,1325,No,2,No
Northeast,2025-03-21,203066.75,195257.92,184753.51,223,2.42,92,469,19.62,35.0,71073.36,639,No,5,Yes
Northeast,2025-03-22,177718.37,176473.48,181422.68,742,3.02,245,694,35.3,49.95,88770.33,1354,No,3,Yes
Northeast,2025-03-23,138548.27,130477.12,135410.69,744,1.52,489,967,50.57,21.7,30064.97,1967,No,5,Yes
Northeast,2025-03-24,150738.06,162255.8,153092.87,803,2.62,306,588,52.04,26.22,39523.52,1913,No,4,No
Northeast,2025-03-25,236974.56,236890.18,256171.34,694,1.97,352,847,41.56,43.16,102278.22,83,No,2,No
Northeast,2025-03-26,299223.38,325574.31,296982.31,711,2.28,311,744,41.8,23.61,70646.64,862,No,3,Yes
Northeast,2025-03-27,284612.24,281479.32,263783.42,419,4.37,95,493,19.27,57.41,163395.89,1895,No,5,Yes
Northeast,2025-03-28,293751.74,321142.28,328115.3,283,2.06,137,488,28.07,47.58,139767.08,946,No,3,Yes
Northeast,2025-03-29,148362.12,156710.64,160216.11,497,3.05,162,352,46.02,38.12,56555.64,988,No,4,Yes
Northeast,2025-03-30,153263.71,165125.83,171274.8,933,3.67,254,529,48.02,38.28,58669.35,1330,No,3,No
Northeast,2025-03-31,253794.8,235606.3,257729.16,590,4.47,131,468,27.99,32.21,81747.31,448,No,2,Yes
Southwest,2025-01-01,290525.41,306375.89,293381.8,984,2.99,329,646,50.93,22.76,66123.58,1096,No,4,Yes
Southwest,2025-01-02,165380.99,157031.09,144605.17,380,4.09,92,315,29.21,37.64,62249.4,1324,No,4,Yes
Southwest,2025-01-03,304204.85,280756.82,270093.86,423,2.21,191,634,30.13,33.65,102364.93,400,No,1,No
Southwest,2025-01-04,171135.22,174709.35,191042.63,440,1.52,289,781,37.0,43.7,74786.09,1894,No,2,Yes
Southwest,2025-01-05,220978.57,201341.65,200119.74,632,2.3,274,520,52.69,24.75,54692.2,1319,No,2,Yes
Southwest,2025-01-06,187987.96,169970.72,185460.06,662,4.31,153,288,53.12,47.61,89501.07,1416,No,3,Yes
Southwest,2025-01-07,173198.83,161142.06,167091.32,153,1.62,94,237,39.66,53.32,92349.62,1775,No,1,Yes
Southwest,2025-01-08,278745.63,304694.62,311028.87,847,2.87,295,766,38.51,27.06,75428.57,1532,No,4,Yes
Southwest,2025-01-09,239292.13,261421.6,248642.7,908,4.52,200,447,44.74,36.73,87892.0,1826,No,4,No
Southwest,2025-01-10,280606.87,279033.68,299431.54,920,1.89,486,857,56.71,31.04,87100.37,686,No,4,Yes
Southwest,2025-01-11,235366.81,218464.2,228883.34,987,2.03,486,617,78.77,31.05,73081.39,1838,No,3,No
Southwest,2025-01-12,173609.24,173855.99,183446.85,315,4.72,66,355,18.59,26.87,46648.8,1454,No,5,Yes
Southwest,2025-01-13,156433.26,168425.95,175308.33,274,1.86,147,594,24.75,23.43,36652.31,1495,No,1,Yes
Southwest,2025-01-14,216491.71,216281.49,202883.65,674,3.0,224,546,41.03,51.55,111601.48,746,No,5,No
Southwest,2025-01-15,282368.93,276262.74,292796.92,390,1.55,251,537,46.74,53.47,150982.67,257,No,2,Yes
Southwest,2025-01-16,210012.38,222322.49,218660.22,134,4.66,28,442,6.33,39.26,82450.86,271,No,4,Yes
Southwest,2025-01-17,217071.79,215500.19,235287.56,111,4.97,22,496,4.44,53.5,116133.41,92,No,3,No
Southwest,2025-01-18,245387.22,252990.8,239490.53,437,4.45,98,456,21.49,47.17,115749.15,1712,No,5,Yes
Southwest,2025-01-19,179154.02,189395.39,196937.74,437,4.32,101,376,26.86,28.75,51506.78,1098,No,2,No
Southwest,2025-01-20,184517.54,192105.78,187053.48,638,1.76,362,568,63.73,45.07,83162.06,807,No,3,Yes
Southwest,2025-01-21,158837.83,159869.28,151173.14,162,1.66,97,306,31.7,29.56,46952.46,1851,No,4,Yes
Southwest,2025-01-22,199046.26,214086.45,220654.07,588,2.27,259,580,44.66,58.98,117397.48,470,No,5,No
Southwest,2025-01-23,203768.47,190157.13,176014.47,323,1.58,204,398,51.26,26.95,54915.6,1981,No,4,No
Southwest,2025-01-24,190624.62,199775.0,188571.59,926,3.23,286,685,41.75,58.89,112258.84,990,No,3,Yes
Southwest,2025-01-25,190624.72,188151.23,178972.53,659,3.5,188,442,42.53,39.89,76040.2,1668,No,5,Yes
Southwest,2025-01-26,185969.8,202166.77,197181.25,651,2.04,319,705,45.25,51.7,96146.39,664,No,4,Yes
Southwest,2025-01-27,201817.56,192976.45,191625.53,448,3.17,141,272,51.84,57.87,116791.82,976,No,4,Yes
Southwest,2025-01-28,187798.86,202329.87,200049.84,296,2.99,98,300,32.67,37.82,71025.53,1994,No,2,No
Southwest,2025-01-29,210610.09,198915.39,204929.02,505,2.9,174,370,47.03,43.66,91952.37,1124,No,1,No
Southwest,2025-01-30,97751.03,92665.24,85978.88,521,4.13,126,499,25.25,58.56,57243.0,249,No,2,No
Southwest,2025-01-31,218614.34,210506.87,189617.8,617,4.81,128,285,44.91,22.84,49931.52,689,No,1,Yes
Southwest,2025-02-01,250706.22,269417.2,284162.58,766,3.39,225,656,34.3,28.83,72278.6,23,No,3,Yes
Southwest,2025-02-02,189037.11,177277.18,185784.71,498,1.82,273,601,45.42,24.99,47240.37,492,No,3,Yes
Southwest,2025-02-03,292191.63,284265.41,310974.2,599,2.38,251,736,34.1,29.37,85816.68,1916,No,2,No
Southwest,2025-02-04,208633.74,210749.42,196731.73,541,2.77,195,647,30.14,56.25,117356.48,1450,No,1,No
Southwest,2025-02-05,76076.94,82437.34,82840.01,541,2.18,248,443,55.98,20.71,15755.53,477,No,2,No
Southwest,2025-02-06,226108.72,203540.79,195061.63,288,2.27,126,391,32.23,40.61,91822.75,1568,No,3,No
Southwest,2025-02-07,238174.62,227696.14,225608.51,405,4.52,89,498,17.87,26.65,63473.54,1589,No,4,Yes
Southwest,2025-02-08,201292.09,209442.95,194502.62,501,4.17,120,301,39.87,59.51,119788.92,719,No,1,Yes
Southwest,2025-02-09,212810.13,224964.97,218903.05,270,4.57,59,184,32.07,24.44,52010.8,1337,No,5,No
Southwest,2025-02-10,207652.77,196126.76,207008.19,641,4.95,129,354,36.44,42.81,88896.15,144,No,1,Yes
Southwest,2025-02-11,192313.14,201839.52,209758.54,268,4.68,57,330,17.27,29.41,56559.29,1735,No,3,Yes
Southwest,2025-02-12,245514.44,262438.54,237998.04,143,3.88,36,169,21.3,36.38,89318.15,1824,No,4,No
Southwest,2025-02-13,230392.46,224251.34,236835.11,538,2.26,238,579,41.11,36.38,83816.78,1199,No,4,Yes
Southwest,2025-02-14,163872.85,159449.24,166146.77,366,2.33,157,510,30.78,31.86,52209.89,908,No,5,Yes
Southwest,2025-02-15,84232.01,80984.71,83899.62,710,4.29,165,538,30.67,27.17,22885.84,1285,No,4,Yes
Southwest,2025-02-16,153028.93,159863.35,161874.48,509,2.7,188,349,53.87,31.41,48066.39,367,No,5,Yes
Southwest,2025-02-17,161187.89,145420.2,138511.42,669,2.61,256,512,50.0,50.15,80835.73,155,No,5,Yes
Southwest,2025-02-18,161860.71,147531.96,162127.82,931,4.51,206,522,39.46,28.32,45838.95,1808,No,5,No
Southwest,2025-02-19,169651.59,168522.7,165670.97,208,3.59,57,175,32.57,27.56,46755.98,1791,No,2,Yes
Southwest,2025-02-20,227855.03,233760.31,252865.67,712,3.54,201,562,35.77,42.89,97727.02,815,No,1,Yes
Southwest,2025-02-21,111987.33,117945.51,120263.55,715,4.6,155,653,23.74,21.4,23965.29,16,No,4,Yes
Southwest,2025-02-22,184641.26,168073.27,167411.68,582,3.41,170,308,55.19,21.19,39125.48,471,No,3,Yes
Southwest,2025-02-23,163721.3,155044.25,161047.59,184,1.9,96,420,22.86,40.55,66388.99,1361,No,5,Yes
Southwest,2025-02-24,177375.84,170685.31,157322.37,261,4.17,62,320,19.38,55.22,97946.94,292,No,4,No
Southwest,2025-02-25,185277.9,196932.3,199616.52,994,4.08,243,644,37.73,52.75,97734.09,1605,No,3,Yes
Southwest,2025-02-26,198503.74,182340.43,171454.77,415,2.12,195,581,33.56,24.98,49586.23,697,No,5,No
Southwest,2025-02-27,282949.53,297034.15,323597.9,886,4.02,220,565,38.94,27.41,77556.47,1000,No,3,No
Southwest,2025-02-28,146280.26,150982.34,155160.51,888,3.35,265,613,43.23,38.48,56288.64,873,No,1,No
Southwest,2025-03-01,95136.4,100155.98,94216.96,993,2.79,355,746,47.59,27.13,25810.51,802,No,2,Yes
Southwest,2025-03-02,159434.12,157847.45,173206.48,241,4.31,55,534,10.3,33.75,53809.02,457,No,5,No
Southwest,2025-03-03,198139.03,189504.64,195965.96,408,1.84,221,622,35.53,25.51,50545.27,215,No,4,Yes
Southwest,2025-03-04,247346.48,252720.59,268429.51,600,2.21,271,606,44.72,54.43,134630.69,1036,No,2,No
Southwest,2025-03-05,280635.68,294797.96,317650.07,834,2.3,362,727,49.79,24.75,69457.33,1133,No,4,Yes
Southwest,2025-03-06,172270.33,161541.3,175891.71,672,4.05,165,595,27.73,32.75,56418.53,1611,No,5,No
Southwest,2025-03-07,160813.78,170431.57,162985.87,311,2.32,134,566,23.67,31.09,49997.0,1717,No,1,No
Southwest,2025-03-08,258778.5,280569.27,297413.57,174,3.16,55,196,28.06,53.04,137256.12,1892,No,5,Yes
Southwest,2025-03-09,157933.79,157345.98,168509.12,853,4.52,188,571,32.92,40.12,63363.04,438,No,2,No
Southwest,2025-03-10,209393.58,202239.99,220021.11,174,2.84,61,250,24.4,31.01,64932.95,1148,No,2,Yes
Southwest,2025-03-11,302867.65,278822.97,297986.35,752,3.06,245,452,54.2,36.84,111576.44,902,No,3,Yes
Southwest,2025-03-12,124950.28,128406.37,117191.44,109,4.52,24,513,4.68,25.9,32362.12,41,No,1,No
Southwest,2025-03-13,172687.25,162632.94,149274.17,830,4.22,196,518,37.84,35.18,60751.37,1991,No,1,No
Southwest,2025-03-14,197986.62,188190.09,173973.8,279,1.86,150,469,31.98,43.96,87034.92,933,No,2,No
Southwest,2025-03-15,253990.05,249763.78,256575.03,976,2.43,401,700,57.29,44.74,113635.15,648,No,5,No
Southwest,2025-03-16,212753.5,231004.73,249745.33,868,1.92,452,771,58.63,52.65,112014.72,1713,No,2,Yes
Southwest,2025-03-17,284362.62,280129.23,276574.52,808,1.62,498,760,65.53,49.26,140077.03,1535,No,2,No
Southwest,2025-03-18,197814.97,204818.07,188697.27,599,3.97,150,396,37.88,46.17,91331.17,1808,No,3,No
Southwest,2025-03-19,222739.78,228529.64,207649.29,662,2.39,276,692,39.88,47.79,106447.34,1287,No,1,Yes
Southwest,2025-03-20,166233.75,158682.85,157992.02,242,3.59,67,347,19.31,51.79,86092.46,1937,No,2,No
Southwest,2025-03-21,193073.62,191429.43,186905.73,667,3.8,175,641,27.3,30.9,59659.75,193,No,5,Yes
Southwest,2025-03-22,192939.79,204625.39,200167.36,676,4.47,151,510,29.61,24.67,47598.25,854,No,5,Yes
Southwest,2025-03-23,114920.73,121446.21,121389.41,790,3.66,215,569,37.79,53.96,62011.23,1545,No,2,Yes
Southwest,2025-03-24,179612.82,176613.81,175272.34,881,4.15,212,682,31.09,45.36,81472.38,1415,No,4,No
Southwest,2025-03-25,230327.5,221948.96,209193.15,242,2.36,102,211,48.34,57.57,132599.54,1830,No,1,Yes
Southwest,2025-03-26,102510.97,97852.35,95388.61,612,1.97,310,484,64.05,31.41,32198.7,590,No,5,No
Southwest,2025-03-27,308886.98,287381.06,312976.74,656,4.35,150,408,36.76,30.54,94334.08,424,No,1,Yes
Southwest,2025-03-28,250380.53,232851.14,239672.19,585,1.82,321,552,58.15,45.93,114999.78,94,No,5,No
Southwest,2025-03-29,166022.72,165618.05,172359.73,917,3.18,288,630,45.71,27.4,45490.23,380,No,5,Yes
Southwest,2025-03-30,272203.59,276566.14,283560.14,290,4.22,68,346,19.65,54.5,148350.96,1557,No,5,Yes
Southwest,2025-03-31,109750.37,111541.9,117625.1,835,1.66,503,734,68.53,29.56,32442.21,572,No,2,Yes
Northwest,2025-01-01,183293.42,184289.72,201206.95,168,1.89,88,281,31.32,37.67,69046.63,1518,No,2,Yes
Northwest,2025-01-02,188356.14,190377.06,199951.81,628,2.15,292,549,53.19,28.65,53964.03,242,No,2,No
Northwest,2025-01-03,244222.14,260173.75,243162.92,662,4.04,163,434,37.56,22.12,54021.94,492,No,5,Yes
Northwest,2025-01-04,116489.64,125616.75,113677.96,720,1.7,423,662,63.9,23.91,27852.67,730,No,5,No
Northwest,2025-01-05,108712.37,100936.46,92964.08,359,2.75,130,569,22.85,41.1,44680.78,1290,No,5,Yes
Northwest,2025-01-06,183909.52,172530.3,163131.86,987,3.0,329,484,67.98,48.83,89803.02,671,No,2,Yes
Northwest,2025-01-07,303350.64,284346.89,264708.21,734,3.91,187,474,39.45,38.63,117184.35,1140,No,3,No
Northwest,2025-01-08,208340.91,224617.73,226448.9,882,4.8,183,287,63.76,26.89,56022.87,449,No,5,Yes
Northwest,2025-01-09,153138.16,146953.88,145018.92,312,4.25,73,444,16.44,37.77,57840.28,1226,No,3,No
Northwest,2025-01-10,171265.77,169371.97,153373.93,838,4.64,180,449,40.09,45.52,77960.18,794,No,4,Yes
Northwest,2025-01-11,213926.54,209390.52,225000.83,673,4.24,158,645,24.5,26.27,56198.5,1671,No,2,Yes
Northwest,2025-01-12,165416.32,150586.43,142739.36,813,3.99,203,664,30.57,50.57,83651.03,1033,No,1,No
Northwest,2025-01-13,141839.78,138858.31,127334.43,727,2.05,354,684,51.75,43.86,62210.93,1588,No,4,Yes
Northwest,2025-01-14,257548.96,242220.64,255506.12,813,4.25,191,322,59.32,20.8,53570.18,1489,No,1,No
Northwest,2025-01-15,217678.07,203254.03,221346.72,440,2.96,148,263,56.27,25.35,55181.39,911,No,1,No
Northwest,2025-01-16,182035.22,183805.1,190442.42,872,4.61,189,659,28.68,54.68,99536.86,1211,No,2,No
Northwest,2025-01-17,214849.34,228833.24,227816.7,144,3.58,40,430,9.3,21.22,45591.03,945,No,4,Yes
Northwest,2025-01-18,159341.33,168232.85,180458.44,235,2.14,109,301,36.21,54.88,87446.52,140,No,2,Yes
Northwest,2025-01-19,215821.14,218109.42,226161.25,232,4.89,47,403,11.66,31.06,67034.05,1586,No,5,Yes
Northwest,2025-01-20,99861.59,92340.9,92435.86,507,4.13,122,423,28.84,27.85,27811.45,86,No,1,No
Northwest,2025-01-21,174345.34,172541.41,173078.03,187,1.55,120,292,41.1,35.3,61543.91,1432,No,2,No
Northwest,2025-01-22,125847.46,119968.35,116516.91,559,4.64,120,303,39.6,58.69,73859.87,212,No,1,No
Northwest,2025-01-23,237277.39,213715.03,216738.63,884,3.4,260,635,40.94,35.23,83592.82,1098,No,4,No
Northwest,2025-01-24,148210.54,157526.41,152790.92,568,3.07,185,325,56.92,59.12,87622.07,1174,No,2,No
Northwest,2025-01-25,211226.87,215650.08,196076.73,522,3.26,160,574,27.87,58.62,123821.19,1242,No,5,No
Northwest,2025-01-26,138439.16,149241.51,156723.61,305,3.71,82,579,14.16,59.04,81734.48,661,No,5,Yes
Northwest,2025-01-27,160699.57,173108.39,161862.35,575,4.0,143,311,45.98,37.44,60165.92,507,No,3,Yes
Northwest,2025-01-28,146241.52,152440.08,163624.81,881,2.18,404,850,47.53,36.49,53363.53,935,No,1,No
Northwest,2025-01-29,221917.72,243808.39,220180.65,730,2.14,341,655,52.06,43.45,96423.25,1239,No,2,No
Northwest,2025-01-30,132998.7,128336.85,128874.46,754,3.1,243,715,33.99,31.0,41229.6,972,No,5,Yes
Northwest,2025-01-31,101170.08,95289.24,88338.73,430,1.57,273,590,46.27,35.38,35793.97,140,No,1,No
Northwest,2025-02-01,160527.72,148880.71,161511.15,153,3.91,39,261,14.94,31.89,51192.29,1578,No,1,No
Northwest,2025-02-02,251721.9,238656.42,234557.27,756,3.14,240,658,36.47,23.28,58600.86,1326,No,1,No
Northwest,2025-02-03,136510.93,124050.25,122183.56,274,4.29,63,262,24.05,46.08,62904.24,1716,No,4,Yes
Northwest,2025-02-04,322580.41,348708.91,362881.68,667,3.84,173,367,47.14,32.13,103645.09,81,No,2,Yes
Northwest,2025-02-05,237978.91,221233.56,210850.18,934,4.86,192,484,39.67,52.4,124700.95,65,No,3,No
Northwest,2025-02-06,224509.98,240478.94,237732.05,803,1.71,469,649,72.27,33.51,75233.29,1094,No,3,Yes
Northwest,2025-02-07,212343.02,215891.3,235848.11,979,4.15,235,408,57.6,30.68,65146.84,76,No,2,Yes
Northwest,2025-02-08,156248.13,166266.09,169166.22,133,3.64,36,449,8.02,21.37,33390.23,118,No,5,Yes
Northwest,2025-02-09,188708.89,173283.98,183233.34,777,2.79,278,483,57.56,49.04,92542.84,765,No,3,No
Northwest,2025-02-10,110825.05,113211.56,122502.87,284,1.88,151,501,30.14,47.33,52453.5,1221,No,5,Yes
Northwest,2025-02-11,208664.85,199254.73,216253.51,595,3.81,156,589,26.49,52.04,108589.19,1616,No,1,Yes
Northwest,2025-02-12,154195.37,169502.77,166855.13,390,3.16,123,508,24.21,20.04,30900.75,1246,No,2,No
Northwest,2025-02-13,256150.81,255946.56,249593.27,335,2.31,145,386,37.56,45.82,117368.3,916,No,2,No
Northwest,2025-02-14,178804.61,176100.84,165242.97,384,4.44,86,546,15.75,48.18,86148.06,1218,No,3,No
Northwest,2025-02-15,188999.91,185789.15,195185.1,193,4.68,41,189,21.69,45.22,85465.76,1805,No,4,No
Northwest,2025-02-16,139698.17,125784.46,120475.18,653,2.69,242,402,60.2,30.51,42621.91,1005,No,2,No
Northwest,2025-02-17,155475.92,156796.11,159609.39,541,4.09,132,399,33.08,58.17,90440.34,1504,No,3,No
Northwest,2025-02-18,280322.55,280453.56,255004.98,641,4.65,137,301,45.51,23.64,66268.25,943,No,2,Yes
Northwest,2025-02-19,317037.58,319036.42,345987.02,961,3.28,292,730,40.0,37.7,119523.17,55,No,2,No
Northwest,2025-02-20,193686.69,186054.08,170124.75,368,4.53,81,400,20.25,59.47,115185.47,1400,No,3,No
Northwest,2025-02-21,197222.14,214920.26,200698.5,752,2.33,322,522,61.69,40.32,79519.97,1788,No,1,Yes
Northwest,2025-02-22,151318.9,137361.12,137395.19,894,4.34,205,472,43.43,45.48,68819.84,664,No,5,No
Northwest,2025-02-23,233033.45,233620.05,211118.32,238,2.82,84,542,15.5,26.28,61241.19,1238,No,2,No
Northwest,2025-02-24,138280.29,138157.02,138752.58,540,3.12,173,538,32.16,20.1,27794.34,987,No,4,No
Northwest,2025-02-25,256931.3,268987.44,294418.68,725,2.37,305,756,40.34,45.97,118111.32,1528,No,5,No
Northwest,2025-02-26,236777.99,258617.27,246576.87,894,4.72,189,530,35.66,26.21,62059.51,306,No,2,No
Northwest,2025-02-27,177348.48,176347.12,174245.7,656,4.19,156,268,58.21,27.14,48132.38,386,No,1,No
Northwest,2025-02-28,192618.51,189710.66,186520.68,360,3.55,101,222,45.5,51.1,98428.06,553,No,4,Yes
Northwest,2025-03-01,168770.91,173570.78,176664.94,499,2.09,238,536,44.4,36.99,62428.36,608,No,4,Yes
Northwest,2025-03-02,207319.0,192105.43,181120.86,471,3.22,146,506,28.85,48.55,100653.37,1808,No,3,No
Northwest,2025-03-03,255872.66,270794.63,286134.61,325,3.94,82,246,33.33,36.01,92139.74,1498,No,1,No
Northwest,2025-03-04,159722.84,148935.74,152950.37,967,3.47,278,436,63.76,25.09,40074.46,1587,No,4,No
Northwest,2025-03-05,218442.3,238013.99,216284.32,836,4.28,195,414,47.1,29.33,64069.13,151,No,3,No
Northwest,2025-03-06,332248.23,364535.43,392970.51,872,3.08,283,471,60.08,50.61,168150.83,143,No,1,Yes
Northwest,2025-03-07,211289.18,216107.09,210038.95,286,2.17,131,254,51.57,22.85,48279.58,630,No,3,Yes
Northwest,2025-03-08,228313.7,220181.08,214250.21,898,2.9,309,694,44.52,28.72,65571.69,1093,No,5,Yes
Northwest,2025-03-09,175922.78,173111.67,175919.93,487,4.46,109,239,45.61,28.21,49627.82,806,No,4,Yes
Northwest,2025-03-10,188233.51,175458.29,177465.48,352,2.35,149,392,38.01,23.99,45157.22,241,No,5,Yes
Northwest,2025-03-11,255019.79,263638.6,242768.24,852,3.59,237,510,46.47,54.02,137761.69,1635,No,5,No
Northwest,2025-03-12,192064.92,192469.76,173874.03,795,2.24,354,767,46.15,23.12,44405.41,1038,No,5,Yes
Northwest,2025-03-13,144831.27,133871.93,134964.46,458,2.14,214,323,66.25,36.84,53355.84,94,No,2,No
Northwest,2025-03-14,191344.3,189085.65,196018.28,941,3.21,293,673,43.54,55.59,106368.3,1920,No,2,Yes
Northwest,2025-03-15,301072.86,272630.61,257116.05,965,4.82,200,587,34.07,42.55,128106.5,890,No,5,No
Northwest,2025-03-16,224593.98,227114.24,215039.79,839,3.64,230,404,56.93,47.93,107647.89,480,No,2,Yes
Northwest,2025-03-17,251036.4,258796.38,274062.14,227,3.03,74,446,16.59,50.75,127400.97,1463,No,5,No
Northwest,2025-03-18,207737.0,224619.0,228926.08,407,3.36,121,256,47.27,39.84,82762.42,916,No,3,Yes
Northwest,2025-03-19,161941.72,157601.43,147588.41,382,2.85,134,300,44.67,27.69,44841.66,226,No,4,No
Northwest,2025-03-20,155579.3,156189.43,162439.36,688,2.04,337,577,58.41,50.99,79329.89,714,No,5,Yes
Northwest,2025-03-21,126081.52,131162.84,123097.51,119,3.64,32,391,8.18,55.68,70202.19,400,No,1,Yes
Northwest,2025-03-22,189835.77,201366.61,191608.71,246,2.38,103,327,31.5,27.84,52850.28,965,No,4,No
Northwest,2025-03-23,206987.64,196362.3,176870.35,355,1.65,215,692,31.07,41.36,85610.09,1887,No,2,Yes
Northwest,2025-03-24,120772.03,114710.67,106298.11,377,3.52,107,373,28.69,51.76,62511.6,1281,No,5,Yes
Northwest,2025-03-25,162080.89,177335.37,177429.01,704,2.4,293,516,56.78,59.66,96697.46,788,No,1,Yes
Northwest,2025-03-26,194003.46,181560.5,175125.57,258,2.15,120,439,27.33,29.44,57114.62,1236,No,2,No
Northwest,2025-03-27,150849.49,146610.2,146960.62,167,3.57,46,400,11.5,58.89,88835.26,1316,No,1,No
Northwest,2025-03-28,210843.66,194830.44,184590.64,541,4.65,116,302,38.41,20.27,42738.01,771,No,1,No
Northwest,2025-03-29,183901.47,199346.82,183108.74,496,3.44,144,377,38.2,55.85,102708.97,1667,No,5,No
Northwest,2025-03-30,183668.37,175566.31,180032.24,469,2.73,171,553,30.92,45.74,84009.91,1799,No,2,Yes
Northwest,2025-03-31,154955.83,160441.26,147927.07,858,4.14,207,472,43.86,39.91,61842.87,222,No,4,Yes
