Store,Date,DailySales,Industry Average,Global Average,Units Sold,Average Basket Size,Number of Transactions,Foot Traffic,Conversion Rate (%),Gross Margin (%),Net Profit,Inventory Available,Stockout Flag,Customer Satisfaction Score,Promotion Active
Central,01-01-2025,153271.3041,183936.39,170312.72,589,4.96,118,354,33.33,44,85865.82331,664,No,5,No
Central,02-01-2025,128686.2242,146199.28,151441.74,262,2.58,101,326,30.98,41.44,67898.26101,937,No,1,No
Central,03-01-2025,167585.4357,199722.44,208582.73,332,2.26,146,316,46.2,54.11,115457.0999,303,No,2,No
Central,04-01-2025,168023.2055,173234.71,188530.44,695,1.93,360,854,42.15,45.55,97446.09655,608,No,2,No
Central,05-01-2025,105085.6769,107575.41,104585.6,214,2.04,104,468,22.22,48.16,64437.21944,1698,No,2,Yes
Central,06-01-2025,196885.2158,216642.77,196849.96,554,2.27,244,526,46.39,36.21,90771.2736,220,No,4,No
Central,07-01-2025,135219.4149,163360.1,172052.15,345,3.66,94,483,19.46,40.97,70536.16543,1572,No,1,Yes
Central,08-01-2025,132576.8626,140474.33,146670.29,519,4.23,122,452,26.99,57.89,97718.79945,67,No,2,Yes
Central,09-01-2025,296120.2953,346203.44,328542.32,897,2.3,390,864,45.14,34.82,131281.5671,191,No,4,Yes
Central,10-01-2025,222481.7475,259190.75,248747.88,986,4.72,208,524,39.69,42.4,120106.6549,1516,No,5,No
Central,11-01-2025,232875.9338,263082.52,255376.88,651,3.31,196,452,43.36,33.21,98469.18038,682,No,4,Yes
Central,12-01-2025,148635.6182,157574.81,160155.4,982,3.1,316,425,74.35,44.13,83514.84012,565,No,1,Yes
Central,13-01-2025,170763.847,206153.63,219464.62,970,4.98,194,614,31.6,46.33,100731.4435,822,No,2,Yes
Central,14-01-2025,211928.3797,212263.05,208185.58,515,2.45,210,556,37.77,53.9,145440.2821,1634,No,5,No
Central,15-01-2025,180199.7934,215593.33,196315.76,599,3.11,192,339,56.64,52.06,119444.2543,643,No,2,No
Central,16-01-2025,251565.4936,264353.44,261677.7,676,2.48,272,554,49.1,51.95,166396.2133,755,No,1,Yes
Central,17-01-2025,218968.8579,253712.86,241753.27,637,4.94,128,430,29.77,30.63,85395.72839,784,No,5,No
Central,18-01-2025,162109.5274,163606.45,150917.63,941,2.55,369,528,69.89,51.06,105389.2175,1707,No,3,No
Central,19-01-2025,185232.9748,184894.06,194315.98,290,3.67,79,558,14.16,45.79,107993.0441,1512,No,5,No
Central,20-01-2025,199704.7809,205432.8,187269.15,785,3.93,199,516,38.57,56.18,142848.9398,657,No,2,No
Central,21-01-2025,255203.5913,266584.48,279350.33,620,3.48,178,521,34.17,59.06,191905.327,1278,No,4,No
Central,22-01-2025,160820.7675,179206.21,177404.85,458,4.04,113,396,28.54,31.15,63783.30351,930,No,5,Yes
Central,23-01-2025,152981.9936,175500.73,170842.34,595,4.19,142,520,27.31,49.88,97156.88651,1254,No,1,Yes
Central,24-01-2025,92479.13619,104173.19,110537.47,778,3.65,213,438,48.63,40.04,47145.97561,1741,No,2,No
Central,25-01-2025,208367.326,217468.34,226411.89,682,1.82,374,475,78.74,26.81,71126.79246,700,No,5,Yes
Central,26-01-2025,142214.8523,165750.53,176604.86,664,3.65,181,467,38.76,45.77,82876.74931,1742,No,1,Yes
Central,27-01-2025,198014.7487,223384.74,214937.59,226,3,75,261,28.74,27.99,70567.90814,639,No,1,Yes
Central,28-01-2025,169414.2308,173216.5,183818.08,102,2.96,34,410,8.29,21.29,45923.22253,1147,No,1,No
Central,29-01-2025,172490.1315,174132.79,190131.71,737,2.73,269,534,50.37,58.79,129114.3587,606,No,3,No
Central,30-01-2025,132401.8473,145864,149352.36,810,2.09,387,706,54.82,33.6,56642.20033,1452,No,4,No
Central,31-01-2025,130558.5258,132749.09,121626.3,944,2.34,403,578,69.72,49.63,82500.44912,47,No,4,Yes
Central,01-02-2025,221606.099,236548.05,239416.64,944,2.29,412,558,73.84,38.13,107585.8913,1995,No,5,Yes
Central,02-02-2025,246307.6621,271486.46,296506.43,903,2.11,427,725,58.9,54.52,170978.1446,589,No,1,No
Central,03-02-2025,187894.5385,200959.38,215631.66,409,3.4,120,289,41.52,46.38,110956.2362,908,No,1,Yes
Central,04-02-2025,163090.2287,178031.83,185548.68,753,3.41,220,502,43.82,50.36,104573.2242,550,No,1,Yes
Central,05-02-2025,189263.5292,220183.44,214072.6,850,2.91,292,530,55.09,52.67,126922.0428,927,No,5,Yes
Central,06-02-2025,140066.4684,162356.99,165125.35,626,4.83,129,566,22.79,35.44,63202.57151,514,No,5,Yes
Central,07-02-2025,209097.13,225425.1,216520.4,781,3.63,215,546,39.38,53,141101.2183,293,No,3,Yes
Central,08-02-2025,245637.8248,274376.54,257263.59,655,3.1,211,392,53.83,29,90698.49425,730,No,2,Yes
Central,09-02-2025,290212.5457,291698.21,285828.33,501,1.73,289,644,44.88,35.28,130362.173,861,No,1,No
Central,10-02-2025,243838.4364,287860.52,273362.98,473,2.65,178,348,51.15,58.08,180316.5459,923,No,1,No
Central,11-02-2025,228821.3474,251636.32,238916.69,440,3.93,111,278,39.93,39.52,115138.4244,1320,No,1,Yes
Central,12-02-2025,137632.2058,162504.81,177574.23,377,2.05,183,680,26.91,26.21,45929.73059,1017,No,4,Yes
Central,13-02-2025,260213.2037,314267.83,340218.12,318,4.81,66,450,14.67,33.44,110790.4713,1613,No,4,No
Central,14-02-2025,123520.1539,128253.8,137082.95,270,3.99,67,288,23.26,27.09,42604.318,974,No,1,No
Central,15-02-2025,121088.8056,137248.58,148732.49,464,3.99,116,376,30.85,45.68,70426.62651,1805,No,4,No
Central,16-02-2025,184036.539,202412.28,213044.58,551,1.61,342,589,58.06,23.53,55135.69334,1949,No,4,No
Central,17-02-2025,150301.9542,171640.1,170889.67,551,3.65,150,293,51.19,51.54,98631.54675,89,No,5,No
Central,18-02-2025,205438.5955,219394.57,201665.89,653,1.65,395,799,49.44,48.63,127201.7624,987,No,3,No
Central,19-02-2025,217259.4784,243353.77,225037.41,835,3.97,210,523,40.15,58.15,160855.2615,1489,No,3,Yes
Central,20-02-2025,163464.028,169441.49,169025.14,260,3.44,75,349,21.49,40.15,83563.10152,723,No,2,Yes
Central,21-02-2025,152936.6623,166285.59,161897.74,550,3.48,158,571,27.67,46.94,91403.22626,1987,No,2,Yes
Central,22-02-2025,103264.4354,114624.99,112114.78,139,2.58,53,224,23.66,21.04,27663.25974,764,No,5,Yes
Central,23-02-2025,206830.2382,214488.97,230891.55,324,2.99,108,238,45.38,53.33,140440.5169,1050,No,4,No
Central,24-02-2025,265504.7726,289638.86,263219.79,806,1.58,510,866,58.89,50.37,170275.0887,1821,No,4,Yes
Central,25-02-2025,173862.4088,172779.04,170587.62,810,3.79,213,579,36.79,58.57,129654.5396,29,No,4,Yes
Central,26-02-2025,228659.4421,267291.82,266673.93,170,2.34,72,300,24,35.17,102392.5372,433,No,3,Yes
Central,27-02-2025,238492.6388,273939.83,258645.09,845,2.22,380,804,47.26,30.58,92857.9924,625,No,2,No
Central,28-02-2025,242997.4695,260338.79,268853.41,332,3.58,92,412,22.33,46.98,145352.1863,1120,No,3,No
Central,01-03-2025,158177.734,164513.14,173266.24,537,1.64,327,765,42.75,40.08,80719.7596,1053,No,1,Yes
Central,02-03-2025,179935.0506,209888.88,217223.09,614,1.94,316,436,72.48,47.03,107745.1135,1378,No,2,No
Central,03-03-2025,181838.1934,196229.9,207483.47,555,4.08,136,398,34.17,28.13,65127.08578,1821,No,1,Yes
Central,04-03-2025,231966.911,278003.03,290684.8,881,4.13,213,409,52.08,30.28,89431.13261,435,No,2,No
Central,05-03-2025,121331.3957,134081.89,133903.55,450,3.67,122,292,41.78,34.74,53667.30998,1173,No,2,Yes
Central,06-03-2025,167455.5429,168390.04,162153.49,239,3.27,73,466,15.67,44.33,94515.72228,1591,No,2,No
Central,07-03-2025,220390.6155,241555.54,235147.58,994,3.97,250,650,38.46,37.29,104638.6863,511,No,5,Yes
Central,08-03-2025,150877.8606,154698,159221.67,826,3.36,245,541,45.29,37.57,72172.79901,407,No,1,No
Central,09-03-2025,183673.3076,195328.27,187079.04,657,2.32,283,759,37.29,53.37,124810.1934,1370,No,4,No
Central,10-03-2025,192009.4728,207835.22,207608.89,116,1.76,65,540,12.04,56.23,137466.7132,456,No,4,No
Central,11-03-2025,198116.651,220570.26,231691.66,466,2.8,166,662,25.08,22.85,57638.67392,1335,No,5,Yes
Central,12-03-2025,251459.8507,283329.67,303352.23,274,4.98,55,308,17.86,20.11,64385.4208,1777,No,2,Yes
Central,13-03-2025,165721.1055,189195.09,190283.86,121,2.52,48,364,13.19,20.02,42242.40954,1521,No,4,Yes
Central,14-03-2025,214224.8235,229799.25,224823.26,422,2.74,154,303,50.83,23.21,63307.00109,1337,No,3,No
Central,15-03-2025,216295.4642,228751.57,218384.72,334,4.98,67,175,38.29,51.09,140698.7125,1911,No,3,Yes
Central,16-03-2025,193845.7854,210605.77,196224.93,895,3.71,241,620,38.87,41.28,101883.2668,550,No,4,Yes
Central,17-03-2025,119244.7306,127427.14,138006.11,640,1.94,329,613,53.67,35.48,53867.8462,14,No,5,Yes
Central,18-03-2025,196646.6023,201460.05,190298.36,580,1.78,325,654,49.69,56.75,142088.5714,342,No,2,Yes
Central,19-03-2025,117987.4566,142009.69,133649.61,657,4.23,155,330,46.97,22.15,33274.87543,250,No,1,Yes
Central,20-03-2025,198980.2245,234815.23,244505.71,332,3.09,107,485,22.06,31.34,79399.13125,822,No,5,Yes
Central,21-03-2025,126295.5225,126440.24,119411.8,793,3.25,244,657,37.14,37.94,61008.74131,1590,No,4,No
Central,22-03-2025,137799.4949,157950.46,161073.12,463,2.38,194,494,39.27,38.45,67460.69486,1622,No,4,Yes
Central,23-03-2025,181270.1404,190848.23,187156.74,333,4.34,76,379,20.05,55.78,128739.4341,856,No,1,Yes
Central,24-03-2025,137797.6064,163945.89,179031.24,350,2.53,138,338,40.83,33.48,58740.0048,627,No,3,Yes
Central,25-03-2025,131223.4877,139607.42,150713.69,202,2.05,98,410,23.9,52.47,87665.65555,1679,No,4,Yes
Central,26-03-2025,175122.3066,192377.46,188160.96,548,4.8,114,391,29.16,41.86,93335.63574,1554,No,4,No
Central,27-03-2025,192690.2322,229961.86,245359.24,222,2.79,79,387,20.41,34.89,85598.76149,1438,No,4,Yes
Central,28-03-2025,144880.2564,168427.96,155499.16,721,1.57,459,694,66.14,20.94,38627.15113,473,No,4,Yes
Central,29-03-2025,187254.8433,189601.5,177723.4,157,2.6,60,382,15.71,37.23,88763.19487,1047,No,1,Yes
Central,30-03-2025,234649.6468,247792.56,253569.65,167,2.73,61,506,12.06,34.12,101937.9207,1514,No,3,Yes
Central,31-03-2025,174669.2024,193975.7,196639.59,624,4.38,142,433,32.79,41.86,93094.1438,1394,No,2,Yes
Northeast,01-01-2025,255250.3571,269399.17,245190.46,493,2.51,196,685,28.61,39.16,127267.0165,1796,No,5,No
Northeast,02-01-2025,190944.0284,193953.4,201569.93,359,2.22,161,607,26.52,59.6,144896.9224,166,No,5,Yes
Northeast,03-01-2025,195169.0544,204715.28,201134.66,511,2.79,183,558,32.8,53.88,133889.1391,1672,No,4,Yes
Northeast,04-01-2025,157632.9776,177247.24,176127.47,253,3.86,65,217,29.95,44.82,89955.09534,349,No,2,Yes
Northeast,05-01-2025,112468.0146,131035.24,130629.28,809,3,269,683,39.39,49.51,70897.14912,1331,No,1,No
Northeast,06-01-2025,227004.2459,242345.66,221251.79,364,4.1,88,561,15.69,45.03,130149.5686,271,No,5,No
Northeast,07-01-2025,152348.6356,155647.26,161985.72,450,3.16,142,534,26.59,55.01,106705.5572,1261,No,4,No
Northeast,08-01-2025,179120.7305,197503.2,190148.02,919,4.33,212,408,51.96,53.51,122035.9087,449,No,1,No
Northeast,09-01-2025,172722.9345,175620.55,189775.96,856,4.79,178,279,63.8,33.78,74287.61924,1994,No,1,No
Northeast,10-01-2025,198426.9158,233576.27,249270.95,112,3.39,33,185,17.84,41.64,105200.5761,1951,No,2,Yes
Northeast,11-01-2025,87642.2512,90613.85,83280.59,966,4.92,196,304,64.47,35.69,39826.02205,1758,No,1,No
Northeast,12-01-2025,202849.945,219034.03,231015.18,269,2.46,109,608,17.93,31.65,81743.91848,973,No,3,No
Northeast,13-01-2025,172128.4435,174289.29,171155.37,832,3.29,252,645,39.07,55.24,121063.4791,1876,No,2,No
Northeast,14-01-2025,158723.1532,159116.4,173483.23,930,3.1,300,716,41.9,34.22,69155.56579,1701,No,2,No
Northeast,15-01-2025,197333.0724,208417.27,211816.89,849,3.9,217,600,36.17,26.16,65727.09922,1637,No,2,Yes
Northeast,16-01-2025,160322.2231,160307.23,148155.12,620,3.84,161,603,26.7,23.62,48214.81241,659,No,2,No
Northeast,17-01-2025,184378.3804,220231.91,241243.01,797,4.99,159,261,60.92,49.03,115100.9019,1490,No,2,Yes
Northeast,18-01-2025,212980.7322,211405.14,222484.36,529,2.19,241,660,36.52,25.46,69040.75568,1786,No,1,No
Northeast,19-01-2025,125292.7593,128430.79,118529.51,952,4.32,220,437,50.34,40.14,64033.92755,726,No,3,Yes
Northeast,20-01-2025,264035.4865,295977.49,268398.32,823,4.4,187,570,32.81,38.77,130336.1639,954,No,1,Yes
Northeast,21-01-2025,85886.61439,102152.62,105982.02,990,4.98,198,423,46.81,38.74,42363.50808,523,No,2,Yes
Northeast,22-01-2025,155575.8645,163814.35,149863.08,736,1.6,460,761,60.45,37.64,74558.76159,10,No,5,No
Northeast,23-01-2025,246879.7099,281451.19,308589.86,214,2.57,83,198,41.92,42.4,133277.8782,1092,No,5,Yes
Northeast,24-01-2025,163417.2895,182369.06,191358.13,922,4.47,206,650,31.69,42.18,87762.98752,1368,No,3,Yes
Northeast,25-01-2025,181852.1478,193225.82,196376.87,238,2.03,117,368,31.79,47.84,110768.5427,1317,No,2,Yes
Northeast,26-01-2025,183818.7436,218914.88,240278.56,548,3.75,146,565,25.84,50.53,118262.191,70,No,2,No
Northeast,27-01-2025,172221.7299,190876.6,177331.34,841,4.48,187,396,47.22,25.04,54907.17129,30,No,2,No
Northeast,28-01-2025,213302.0551,232091.92,240381.72,131,1.63,80,348,22.99,49.63,134786.4196,1675,No,2,Yes
Northeast,29-01-2025,184953.1518,220766.8,226638.52,795,3.81,208,593,35.08,56.56,133191.944,1586,No,5,Yes
Northeast,30-01-2025,251128.6952,276127.14,283998.25,177,2.08,85,365,23.29,40.96,130967.3652,1911,No,2,Yes
Northeast,31-01-2025,185405.8747,218487.81,213386.94,813,4.11,197,384,51.3,21.33,50352.50911,1438,No,3,No
Northeast,01-02-2025,171648.2114,190913.28,204732.96,330,1.85,178,435,40.92,51.63,112836.1419,502,No,2,No
Northeast,02-02-2025,218436.0585,235760.41,232774.48,816,1.73,471,849,55.48,32.15,89415.3653,1349,No,4,Yes
Northeast,03-02-2025,149437.0461,151027.52,153897.48,440,1.79,245,720,34.03,57.31,109042.4261,558,No,4,Yes
Northeast,04-02-2025,172189.0002,181553.71,174687.68,487,2.34,208,464,44.83,31.13,68248.21683,835,No,4,No
Northeast,05-02-2025,158424.8999,181434.9,173060.23,952,4.51,211,474,44.51,44.21,89176.56674,1759,No,4,Yes
Northeast,06-02-2025,211243.1625,222513.68,232773.94,195,4.3,45,367,12.26,22.21,59736.25876,1674,No,3,Yes
Northeast,07-02-2025,206617.8629,219361.94,237515.95,168,2.3,73,176,41.48,51.31,134982.2627,674,No,1,Yes
Northeast,08-02-2025,274724.2763,289197.88,287439.06,907,4.59,197,369,53.39,27.89,97555.63547,497,No,3,No
Northeast,09-02-2025,130714.8021,132390.8,131145.74,463,3.87,119,415,28.67,44.79,74543.9884,1062,No,2,Yes
Northeast,10-02-2025,180652.026,198584.43,179162.82,721,2.49,289,693,41.7,54.16,124574.2617,570,No,4,Yes
Northeast,11-02-2025,170491.6413,190261.29,187926.02,538,4.68,114,561,20.32,25.38,55093.65102,872,No,4,No
Northeast,12-02-2025,255285.3384,263221.57,243874.55,719,3.19,225,349,64.47,26.85,87272.40896,137,No,3,Yes
Northeast,13-02-2025,200025.904,203124.94,214417.06,135,3.34,40,366,10.93,55.9,142365.5398,1969,No,1,No
Northeast,14-02-2025,172158.858,176577.61,171110.48,333,2.38,139,478,29.08,29.5,64663.34865,240,No,1,No
Northeast,15-02-2025,185722.4402,221821.97,233675.08,734,2.17,338,511,66.14,54.57,129040.2385,1702,No,5,Yes
Northeast,16-02-2025,167474.9355,196859.46,209960.1,674,4.26,158,278,56.83,26.99,57551.88432,1599,No,1,Yes
Northeast,17-02-2025,112126.8996,115498.19,113205.59,735,2.44,301,430,70,29.12,41572.68005,697,No,1,No
Northeast,18-02-2025,211334.3154,213654.38,225294.38,811,2.44,332,457,72.65,21.63,58201.39604,575,No,1,No
Northeast,19-02-2025,166662.7853,179644.92,172527.67,617,3.93,156,545,28.62,49.69,105442.1952,1483,No,3,No
Northeast,20-02-2025,96699.31397,100262.11,95854.55,304,4.52,67,186,36.02,34.26,42181.06265,1624,No,2,Yes
Northeast,21-02-2025,123490.1025,137797.86,124179.99,792,2.78,284,477,59.54,49.65,78065.33649,519,No,4,No
Northeast,22-02-2025,168549.0958,177541.76,165164.78,857,4.65,184,423,43.5,30.03,64444.90659,1650,No,4,No
Northeast,23-02-2025,131482.883,135734.95,131789.23,306,2.34,130,245,53.06,34.44,57655.29665,844,No,3,No
Northeast,24-02-2025,190039.073,219634.17,201613.37,826,4.44,186,586,31.74,45.17,109294.8766,247,No,5,Yes
Northeast,25-02-2025,183450.3371,183060.83,174870.59,708,4.16,170,426,39.91,45.98,107397.5274,1420,No,3,Yes
Northeast,26-02-2025,123831.5535,127716.27,139929.4,650,1.59,408,681,59.91,56.14,88513.71523,368,No,2,No
Northeast,27-02-2025,227164.6713,253768.87,264721.35,138,4.87,28,184,15.22,39.2,113379.2704,1670,No,4,Yes
Northeast,28-02-2025,204181.2216,235380.34,230778.24,792,3.85,205,571,35.9,53.45,138953.7653,1670,No,1,Yes
Northeast,01-03-2025,142881.5393,168666.96,156626.98,530,2.89,183,492,37.2,56.86,103440.3009,1923,No,3,Yes
Northeast,02-03-2025,151430.9514,169525.08,176408.62,652,3.98,163,398,40.95,26.79,51652.83878,367,No,2,No
Northeast,03-03-2025,209760.948,224459.99,232339.49,937,4.99,187,435,42.99,54.76,146249.6749,1010,No,1,Yes
Northeast,04-03-2025,141776.22,161234.08,157169.81,736,2.52,292,505,57.82,49.43,89227.92612,706,No,1,No
Northeast,05-03-2025,311102.8479,320343.79,338581.77,555,2.65,209,474,44.09,38.24,151470.7143,1123,No,5,No
Northeast,06-03-2025,80309.08516,89097.61,95646.78,305,2.96,103,262,39.31,44.36,45358.95142,761,No,3,No
Northeast,07-03-2025,228463.7812,270248.61,257881.61,823,2.61,315,726,43.39,31.07,90378.55876,452,No,3,No
Northeast,08-03-2025,206208.3832,209309.25,226863.05,155,1.83,84,436,19.27,40.75,106989.4036,1443,No,3,Yes
Northeast,09-03-2025,160784.1248,174198.59,185102.13,158,3.87,40,370,10.81,24.87,50912.65343,167,No,3,No
Northeast,10-03-2025,136971.1205,136787.33,146263.19,581,4.41,131,544,24.08,50.83,88645.34458,127,No,2,Yes
Northeast,11-03-2025,239396.0781,265369.52,287068.3,640,4.2,152,396,38.38,41.18,125519.214,1888,No,4,No
Northeast,12-03-2025,141506.8833,171281.66,162756.89,491,4.01,122,222,54.95,53.47,96337.32128,434,No,3,Yes
Northeast,13-03-2025,201339.7128,221388.74,211267.72,372,4.52,82,374,21.93,31.48,80699.53027,1357,No,1,No
Northeast,14-03-2025,118865.6019,130027.41,137510.3,545,2.63,207,458,45.2,42.53,64366.27808,327,No,4,No
Northeast,15-03-2025,186218.8239,221971.44,206214.78,359,3.39,105,548,19.16,48.86,115846.7514,576,No,2,No
Northeast,16-03-2025,181246.1266,197187.66,193806.9,188,4.2,44,225,19.56,20.33,46915.13008,1573,No,2,No
Northeast,17-03-2025,255346.231,259282.65,281773.43,682,4.55,149,520,28.65,36.93,120064.7629,1022,No,4,No
Northeast,18-03-2025,101498.2398,111279.9,119233.9,808,4.91,164,442,37.1,47.25,61061.45316,1593,No,4,Yes
Northeast,19-03-2025,205883.5558,227334.33,240464.86,815,2.08,391,607,64.42,48.17,126271.4329,353,No,2,No
Northeast,20-03-2025,165476.7359,169514.93,182646.73,837,1.67,501,982,51.02,35.8,75426.99281,1325,No,2,No
Northeast,21-03-2025,184363.6997,195257.92,184753.51,223,2.42,92,469,19.62,35,82158.07641,639,No,5,Yes
Northeast,22-03-2025,161349.9807,176473.48,181422.68,742,3.02,245,694,35.3,49.95,102615.0945,1354,No,3,Yes
Northeast,23-03-2025,125787.5632,130477.12,135410.69,744,1.52,489,967,50.57,21.7,34753.95144,1967,No,5,Yes
Northeast,24-03-2025,136854.6373,162255.8,153092.87,803,2.62,306,588,52.04,26.22,45687.67223,1913,No,4,No
Northeast,25-03-2025,215148.4998,236890.18,256171.34,694,1.97,352,847,41.56,43.16,118229.6969,83,No,2,No
Northeast,26-03-2025,271664.0187,325574.31,296982.31,711,2.28,311,744,41.8,23.61,81664.80446,862,No,3,Yes
Northeast,27-03-2025,258398.6081,281479.32,263783.42,419,4.37,95,493,19.27,57.41,188879.3778,1895,No,5,Yes
Northeast,28-03-2025,266696.333,321142.28,328115.3,283,2.06,137,488,28.07,47.58,161565.3803,946,No,3,Yes
Northeast,29-03-2025,134697.5285,156710.64,160216.11,497,3.05,162,352,46.02,38.12,65376.14927,988,No,4,Yes
Northeast,30-03-2025,139147.6675,165125.83,171274.8,933,3.67,254,529,48.02,38.28,67819.51691,1330,No,3,No
Northeast,31-03-2025,230419.5458,235606.3,257729.16,590,4.47,131,468,27.99,32.21,94496.75295,448,No,2,Yes
Southwest,01-01-2025,263767.1576,306375.89,293381.8,984,2.99,329,646,50.93,22.76,76436.3207,1096,No,4,Yes
Southwest,02-01-2025,150148.91,157031.09,144605.17,380,4.09,92,315,29.21,37.64,71957.91731,1324,No,4,Yes
Southwest,03-01-2025,276186.6805,280756.82,270093.86,423,2.21,191,634,30.13,33.65,118329.9304,400,No,1,No
Southwest,04-01-2025,155373.1584,174709.35,191042.63,440,1.52,289,781,37,43.7,86449.84979,1894,No,2,Yes
Southwest,05-01-2025,200625.7879,201341.65,200119.74,632,2.3,274,520,52.69,24.75,63222.08415,1319,No,2,Yes
Southwest,06-01-2025,170673.711,169970.72,185460.06,662,4.31,153,288,53.12,47.61,103459.8019,1416,No,3,Yes
Southwest,07-01-2025,157246.7038,161142.06,167091.32,153,1.62,94,237,39.66,53.32,106752.6164,1775,No,1,Yes
Southwest,08-01-2025,253072.3303,304694.62,311028.87,847,2.87,295,766,38.51,27.06,87192.53202,1532,No,4,Yes
Southwest,09-01-2025,217252.6147,261421.6,248642.7,908,4.52,200,447,44.74,36.73,101599.7788,1826,No,4,No
Southwest,10-01-2025,254762.1445,279033.68,299431.54,920,1.89,486,857,56.71,31.04,100684.6849,686,No,4,Yes
Southwest,11-01-2025,213688.8283,218464.2,228883.34,987,2.03,486,617,78.77,31.05,84479.28202,1838,No,3,No
Southwest,12-01-2025,157619.3138,173855.99,183446.85,315,4.72,66,355,18.59,26.87,53924.22245,1454,No,5,Yes
Southwest,13-01-2025,142025.2925,168425.95,175308.33,274,1.86,147,594,24.75,23.43,42368.66367,1495,No,1,Yes
Southwest,14-01-2025,196552.181,216281.49,202883.65,674,3,224,546,41.03,51.55,129007.0277,746,No,5,No
Southwest,15-01-2025,256361.9136,276262.74,292796.92,390,1.55,251,537,46.74,53.47,174530.1719,257,No,2,Yes
Southwest,16-01-2025,190669.6166,222322.49,218660.22,134,4.66,28,442,6.33,39.26,95310.02975,271,No,4,Yes
Southwest,17-01-2025,197078.834,215500.19,235287.56,111,4.97,22,496,4.44,53.5,134245.7648,92,No,3,No
Southwest,18-01-2025,222786.3288,252990.8,239490.53,437,4.45,98,456,21.49,47.17,133801.575,1712,No,5,Yes
Southwest,19-01-2025,162653.4031,189395.39,196937.74,437,4.32,101,376,26.86,28.75,59539.86088,1098,No,2,No
Southwest,20-01-2025,167522.927,192105.78,187053.48,638,1.76,362,568,63.73,45.07,96132.14965,807,No,3,Yes
Southwest,21-01-2025,144208.3945,159869.28,151173.14,162,1.66,97,306,31.7,29.56,54275.24175,1851,No,4,Yes
Southwest,22-01-2025,180713.5088,214086.45,220654.07,588,2.27,259,580,44.66,58.98,135706.9812,470,No,5,No
Southwest,23-01-2025,185000.7892,190157.13,176014.47,323,1.58,204,398,51.26,26.95,63480.32597,1981,No,4,No
Southwest,24-01-2025,173067.5268,199775,188571.59,926,3.23,286,685,41.75,58.89,129766.9106,990,No,3,Yes
Southwest,25-01-2025,173067.6176,188151.23,178972.53,659,3.5,188,442,42.53,39.89,87899.55282,1668,No,5,Yes
Southwest,26-01-2025,168841.4295,202166.77,197181.25,651,2.04,319,705,45.25,51.7,111141.5368,664,No,4,Yes
Southwest,27-01-2025,183229.5638,192976.45,191625.53,448,3.17,141,272,51.84,57.87,135006.8615,976,No,4,Yes
Southwest,28-01-2025,170502.0277,202329.87,200049.84,296,2.99,98,300,32.67,37.82,82102.78676,1994,No,2,No
Southwest,29-01-2025,191212.2757,198915.39,204929.02,505,2.9,174,370,47.03,43.66,106293.4106,1124,No,1,No
Southwest,30-01-2025,88747.87005,92665.24,85978.88,521,4.13,126,499,25.25,58.56,66170.71105,249,No,2,No
Southwest,31-01-2025,198479.3105,210506.87,189617.8,617,4.81,128,285,44.91,22.84,57718.92078,689,No,1,Yes
Southwest,01-02-2025,227615.4331,269417.2,284162.58,766,3.39,225,656,34.3,28.83,83551.28759,23,No,3,Yes
Southwest,02-02-2025,171626.2312,177277.18,185784.71,498,1.82,273,601,45.42,24.99,54608.05466,492,No,3,Yes
Southwest,03-02-2025,265279.9138,284265.41,310974.2,599,2.38,251,736,34.1,29.37,99200.78849,1916,No,2,No
Southwest,04-02-2025,189417.9534,210749.42,196731.73,541,2.77,195,647,30.14,56.25,135659.5868,1450,No,1,No
Southwest,05-02-2025,69070.02806,82437.34,82840.01,541,2.18,248,443,55.98,20.71,18212.78799,477,No,2,No
Southwest,06-02-2025,205283.4359,203540.79,195061.63,288,2.27,126,391,32.23,40.61,106143.5749,1568,No,3,No
Southwest,07-02-2025,216238.0307,227696.14,225608.51,405,4.52,89,498,17.87,26.65,73372.97616,1589,No,4,Yes
Southwest,08-02-2025,182752.4911,209442.95,194502.62,501,4.17,120,301,39.87,59.51,138471.3941,719,No,1,Yes
Southwest,09-02-2025,193209.6855,224964.97,218903.05,270,4.57,59,184,32.07,24.44,60122.48866,1337,No,5,No
Southwest,10-02-2025,188527.3336,196126.76,207008.19,641,4.95,129,354,36.44,42.81,102760.5376,144,No,1,Yes
Southwest,11-02-2025,174600.5291,201839.52,209758.54,268,4.68,57,330,17.27,29.41,65380.36853,1735,No,3,Yes
Southwest,12-02-2025,222901.8315,262438.54,237998.04,143,3.88,36,169,21.3,36.38,103248.3534,1824,No,4,No
Southwest,13-02-2025,209172.6307,224251.34,236835.11,538,2.26,238,579,41.11,36.38,96888.98084,1199,No,4,Yes
Southwest,14-02-2025,148779.6742,159449.24,166146.77,366,2.33,157,510,30.78,31.86,60352.62906,908,No,5,Yes
Southwest,15-02-2025,76473.99191,80984.71,83899.62,710,4.29,165,538,30.67,27.17,26455.1527,1285,No,4,Yes
Southwest,16-02-2025,138934.5114,159863.35,161874.48,509,2.7,188,349,53.87,31.41,55562.90208,367,No,5,Yes
Southwest,17-02-2025,146342.007,145420.2,138511.42,669,2.61,256,512,50,50.15,93443.00145,155,No,5,Yes
Southwest,18-02-2025,146952.8583,147531.96,162127.82,931,4.51,206,522,39.46,28.32,52988.06693,1808,No,5,No
Southwest,19-02-2025,154026.1751,168522.7,165670.97,208,3.59,57,175,32.57,27.56,54048.11841,1791,No,2,Yes
Southwest,20-02-2025,206868.9055,233760.31,252865.67,712,3.54,201,562,35.77,42.89,112968.6844,815,No,1,Yes
Southwest,21-02-2025,101672.9646,117945.51,120263.55,715,4.6,155,653,23.74,21.4,27702.95547,16,No,4,Yes
Southwest,22-02-2025,167635.252,168073.27,167411.68,582,3.41,170,308,55.19,21.19,45227.55327,471,No,3,Yes
Southwest,23-02-2025,148642.0824,155044.25,161047.59,184,1.9,96,420,22.86,40.55,76743.12447,1361,No,5,Yes
Southwest,24-02-2025,161038.9987,170685.31,157322.37,261,4.17,62,320,19.38,55.22,113222.9035,292,No,4,No
Southwest,25-02-2025,168213.2556,196932.3,199616.52,994,4.08,243,644,37.73,52.75,112976.8571,1605,No,3,Yes
Southwest,26-02-2025,180220.9565,182340.43,171454.77,415,2.12,195,581,33.56,24.98,57319.77879,697,No,5,No
Southwest,27-02-2025,256889.0386,297034.15,323597.9,886,4.02,220,565,38.94,27.41,89652.30275,1000,No,3,No
Southwest,28-02-2025,132807.4139,150982.34,155160.51,888,3.35,265,613,43.23,38.48,65067.50752,873,No,1,No
Southwest,01-03-2025,86374.05523,100155.98,94216.96,993,2.79,355,746,47.59,27.13,29835.95897,802,No,2,Yes
Southwest,02-03-2025,144749.7644,157847.45,173206.48,241,4.31,55,534,10.3,33.75,62201.16196,457,No,5,No
Southwest,03-03-2025,179889.8373,189504.64,195965.96,408,1.84,221,622,35.53,25.51,58428.39222,215,No,4,Yes
Southwest,04-03-2025,224565.1352,252720.59,268429.51,600,2.21,271,606,44.72,54.43,155627.9106,1036,No,2,No
Southwest,05-03-2025,254788.301,294797.96,317650.07,834,2.3,362,727,49.79,24.75,80290.00775,1133,No,4,Yes
Southwest,06-03-2025,156403.7214,161541.3,175891.71,672,4.05,165,595,27.73,32.75,65217.65537,1611,No,5,No
Southwest,07-03-2025,146002.3536,170431.57,162985.87,311,2.32,134,566,23.67,31.09,57794.61315,1717,No,1,No
Southwest,08-03-2025,234944.2322,280569.27,297413.57,174,3.16,55,196,28.06,53.04,158662.8069,1892,No,5,Yes
Southwest,09-03-2025,143387.6193,157345.98,168509.12,853,4.52,188,571,32.92,40.12,73245.2424,438,No,2,No
Southwest,10-03-2025,190107.8099,202239.99,220021.11,174,2.84,61,250,24.4,31.01,75059.99811,1148,No,2,Yes
Southwest,11-03-2025,274972.6406,278822.97,297986.35,752,3.06,245,452,54.2,36.84,128978.0824,902,No,3,Yes
Southwest,12-03-2025,113441.9884,128406.37,117191.44,109,4.52,24,513,4.68,25.9,37409.36868,41,No,1,No
Southwest,13-03-2025,156782.2418,162632.94,149274.17,830,4.22,196,518,37.84,35.18,70226.25212,1991,No,1,No
Southwest,14-03-2025,179751.4647,188190.09,173973.8,279,1.86,150,469,31.98,43.96,100609.0272,933,No,2,No
Southwest,15-03-2025,230596.8126,249763.78,256575.03,976,2.43,401,700,57.29,44.74,131357.8722,648,No,5,No
Southwest,16-03-2025,193158.2713,231004.73,249745.33,868,1.92,452,771,58.63,52.65,129484.7173,1713,No,2,Yes
Southwest,17-03-2025,258171.9788,280129.23,276574.52,808,1.62,498,760,65.53,49.26,161923.6706,1535,No,2,No
Southwest,18-03-2025,179595.6242,204818.07,188697.27,599,3.97,150,396,37.88,46.17,105575.3273,1808,No,3,No
Southwest,19-03-2025,202224.7853,228529.64,207649.29,662,2.39,276,692,39.88,47.79,123049.0397,1287,No,1,Yes
Southwest,20-03-2025,150923.1283,158682.85,157992.02,242,3.59,67,347,19.31,51.79,99519.57958,1937,No,2,No
Southwest,21-03-2025,175290.9666,191429.43,186905.73,667,3.8,175,641,27.3,30.9,68964.38129,193,No,5,Yes
Southwest,22-03-2025,175169.4628,204625.39,200167.36,676,4.47,151,510,29.61,24.67,55021.75021,854,No,5,Yes
Southwest,23-03-2025,104336.1897,121446.21,121389.41,790,3.66,215,569,37.79,53.96,71682.60193,1545,No,2,Yes
Southwest,24-03-2025,163069.9463,176613.81,175272.34,881,4.15,212,682,31.09,45.36,94178.94442,1415,No,4,No
Southwest,25-03-2025,209113.6537,221948.96,209193.15,242,2.36,102,211,48.34,57.57,153279.9791,1830,No,1,Yes
Southwest,26-03-2025,93069.40545,97852.35,95388.61,612,1.97,310,484,64.05,31.41,37220.46143,590,No,5,No
Southwest,27-03-2025,280437.5725,287381.06,312976.74,656,4.35,150,408,36.76,30.54,109046.576,424,No,1,Yes
Southwest,28-03-2025,227319.7401,232851.14,239672.19,585,1.82,321,552,58.15,45.93,132935.3321,94,No,5,No
Southwest,29-03-2025,150731.5348,165618.05,172359.73,917,3.18,288,630,45.71,27.4,52584.95999,380,No,5,Yes
Southwest,30-03-2025,247132.8316,276566.14,283560.14,290,4.22,68,346,19.65,54.5,171488.0161,1557,No,5,Yes
Southwest,31-03-2025,99642.03522,111541.9,117625.1,835,1.66,503,734,68.53,29.56,37501.94965,572,No,2,Yes
Northwest,01-01-2025,166411.5521,184289.72,201206.95,168,1.89,88,281,31.32,37.67,79815.25431,1518,No,2,Yes
Northwest,02-01-2025,171007.9805,190377.06,199951.81,628,2.15,292,549,53.19,28.65,62380.34757,242,No,2,No
Northwest,03-01-2025,221728.5561,260173.75,243162.92,662,4.04,163,434,37.56,22.12,62447.28931,492,No,5,Yes
Northwest,04-01-2025,105760.5985,125616.75,113677.96,720,1.7,423,662,63.9,23.91,32196.61755,730,No,5,No
Northwest,05-01-2025,98699.6381,100936.46,92964.08,359,2.75,130,569,22.85,41.1,51649.26686,1290,No,5,Yes
Northwest,06-01-2025,166970.9074,172530.3,163131.86,987,3,329,484,67.98,48.83,103808.8445,671,No,2,Yes
Northwest,07-01-2025,275411.1458,284346.89,264708.21,734,3.91,187,474,39.45,38.63,135460.6111,1140,No,3,No
Northwest,08-01-2025,189152.0939,224617.73,226448.9,882,4.8,183,287,63.76,26.89,64760.2876,449,No,5,Yes
Northwest,09-01-2025,139033.681,146953.88,145018.92,312,4.25,73,444,16.44,37.77,66861.1438,1226,No,3,No
Northwest,10-01-2025,155491.6843,169371.97,153373.93,838,4.64,180,449,40.09,45.52,90118.97602,794,No,4,Yes
Northwest,11-01-2025,194223.2708,209390.52,225000.83,673,4.24,158,645,24.5,26.27,64963.30914,1671,No,2,Yes
Northwest,12-01-2025,150180.986,150586.43,142739.36,813,3.99,203,664,30.57,50.57,96697.3802,1033,No,1,No
Northwest,13-01-2025,128775.9153,138858.31,127334.43,727,2.05,354,684,51.75,43.86,71913.44746,1588,No,4,Yes
Northwest,14-01-2025,233827.9365,242220.64,255506.12,813,4.25,191,322,59.32,20.8,61925.07209,1489,No,1,No
Northwest,15-01-2025,197629.2738,203254.03,221346.72,440,2.96,148,263,56.27,25.35,63787.56901,911,No,1,No
Northwest,16-01-2025,165269.236,183805.1,190442.42,872,4.61,189,659,28.68,54.68,115060.79,1211,No,2,No
Northwest,17-01-2025,195061.0782,228833.24,227816.7,144,3.58,40,430,9.3,21.22,52701.48092,945,No,4,Yes
Northwest,18-01-2025,144665.5206,168232.85,180458.44,235,2.14,109,301,36.21,54.88,101084.821,140,No,2,Yes
Northwest,19-01-2025,195943.3725,218109.42,226161.25,232,4.89,47,403,11.66,31.06,77488.78907,1586,No,5,Yes
Northwest,20-01-2025,90664.04121,92340.9,92435.86,507,4.13,122,423,28.84,27.85,32148.96881,86,No,1,No
Northwest,21-01-2025,158287.6168,172541.41,173078.03,187,1.55,120,292,41.1,35.3,71142.39794,1432,No,2,No
Northwest,22-01-2025,114256.5355,119968.35,116516.91,559,4.64,120,303,39.6,58.69,85379.17502,212,No,1,No
Northwest,23-01-2025,215423.4382,213715.03,216738.63,884,3.4,260,635,40.94,35.23,96630.09168,1098,No,4,No
Northwest,24-01-2025,134559.9094,157526.41,152790.92,568,3.07,185,325,56.92,59.12,101287.75,1174,No,2,No
Northwest,25-01-2025,191772.2484,215650.08,196076.73,522,3.26,160,574,27.87,58.62,143132.5435,1242,No,5,No
Northwest,26-01-2025,125688.5025,149241.51,156723.61,305,3.71,82,579,14.16,59.04,94481.92196,661,No,5,Yes
Northwest,27-01-2025,145898.6627,173108.39,161862.35,575,4,143,311,45.98,37.44,69549.49439,507,No,3,Yes
Northwest,28-01-2025,132772.242,152440.08,163624.81,881,2.18,404,850,47.53,36.49,61686.19262,935,No,1,No
Northwest,29-01-2025,201478.4394,243808.39,220180.65,730,2.14,341,655,52.06,43.45,111461.5763,1239,No,2,No
Northwest,30-01-2025,120749.125,128336.85,128874.46,754,3.1,243,715,33.99,31,47659.83523,972,No,5,Yes
Northwest,31-01-2025,91852.0154,95289.24,88338.73,430,1.57,273,590,46.27,35.38,41376.45557,140,No,1,No
Northwest,01-02-2025,145742.6406,148880.71,161511.15,153,3.91,39,261,14.94,31.89,59176.32251,1578,No,1,No
Northwest,02-02-2025,228537.566,238656.42,234557.27,756,3.14,240,658,36.47,23.28,67740.34509,1326,No,1,No
Northwest,03-02-2025,123937.8682,124050.25,122183.56,274,4.29,63,262,24.05,46.08,72714.88721,1716,No,4,Yes
Northwest,04-02-2025,292869.7969,348708.91,362881.68,667,3.84,173,367,47.14,32.13,119809.7462,81,No,2,Yes
Northwest,05-02-2025,216060.3462,221233.56,210850.18,934,4.86,192,484,39.67,52.4,144149.5123,65,No,3,No
Northwest,06-02-2025,203831.9446,240478.94,237732.05,803,1.71,469,649,72.27,33.51,86966.79583,1094,No,3,Yes
Northwest,07-02-2025,192785.5977,215891.3,235848.11,979,4.15,235,408,57.6,30.68,75307.24674,76,No,2,Yes
Northwest,08-02-2025,141857.2135,166266.09,169166.22,133,3.64,36,449,8.02,21.37,38597.82438,118,No,5,Yes
Northwest,09-02-2025,171328.2412,173283.98,183233.34,777,2.79,278,483,57.56,49.04,106975.9713,765,No,3,No
Northwest,10-02-2025,100617.734,113211.56,122502.87,284,1.88,151,501,30.14,47.33,60634.23287,1221,No,5,Yes
Northwest,11-02-2025,189446.1981,199254.73,216253.51,595,3.81,156,589,26.49,52.04,125524.9361,1616,No,1,Yes
Northwest,12-02-2025,139993.5188,169502.77,166855.13,390,3.16,123,508,24.21,20.04,35720.08105,1246,No,2,No
Northwest,13-02-2025,232558.5602,255946.56,249593.27,335,2.31,145,386,37.56,45.82,135673.2503,916,No,2,No
Northwest,14-02-2025,162336.1748,176100.84,165242.97,384,4.44,86,546,15.75,48.18,99583.85105,1218,No,3,No
Northwest,15-02-2025,171592.4574,185789.15,195185.1,193,4.68,41,189,21.69,45.22,98795.13844,1805,No,4,No
Northwest,16-02-2025,126831.554,125784.46,120475.18,653,2.69,242,402,60.2,30.51,49269.29216,1005,No,2,No
Northwest,17-02-2025,141156.1264,156796.11,159609.39,541,4.09,132,399,33.08,58.17,104545.562,1504,No,3,No
Northwest,18-02-2025,254504.0113,280453.56,255004.98,641,4.65,137,301,45.51,23.64,76603.55366,943,No,2,Yes
Northwest,19-02-2025,287837.478,319036.42,345987.02,961,3.28,292,730,40,37.7,138164.1973,55,No,2,No
Northwest,20-02-2025,175847.5711,186054.08,170124.75,368,4.53,81,400,20.25,59.47,133149.9826,1400,No,3,No
Northwest,21-02-2025,179057.3956,214920.26,200698.5,752,2.33,322,522,61.69,40.32,91922.03339,1788,No,1,Yes
Northwest,22-02-2025,137381.9803,137361.12,137395.19,894,4.34,205,472,43.43,45.48,79553.09378,664,No,5,No
Northwest,23-02-2025,211570.3777,233620.05,211118.32,238,2.82,84,542,15.5,26.28,70792.46524,1238,No,2,No
Northwest,24-02-2025,125544.2649,138157.02,138752.58,540,3.12,173,538,32.16,20.1,32129.19031,987,No,4,No
Northwest,25-02-2025,233267.1648,268987.44,294418.68,725,2.37,305,756,40.34,45.97,136532.1529,1528,No,5,No
Northwest,26-02-2025,214970.0345,258617.27,246576.87,894,4.72,189,530,35.66,26.21,71738.41175,306,No,2,No
Northwest,27-02-2025,161014.1587,176347.12,174245.7,656,4.19,156,268,58.21,27.14,55639.18399,386,No,1,No
Northwest,28-02-2025,174877.7736,189710.66,186520.68,360,3.55,101,222,45.5,51.1,113779.0598,553,No,4,Yes
Northwest,01-03-2025,153226.6083,173570.78,176664.94,499,2.09,238,536,44.4,36.99,72164.7882,608,No,4,Yes
Northwest,02-03-2025,188224.3049,192105.43,181120.86,471,3.22,146,506,28.85,48.55,116351.4327,1808,No,3,No
Northwest,03-03-2025,232306.0287,270794.63,286134.61,325,3.94,82,246,33.33,36.01,106510.0032,1498,No,1,No
Northwest,04-03-2025,145011.8924,148935.74,152950.37,967,3.47,278,436,63.76,25.09,46324.53773,1587,No,4,No
Northwest,05-03-2025,198323.1159,238013.99,216284.32,836,4.28,195,414,47.1,29.33,74061.45535,151,No,3,No
Northwest,06-03-2025,301647.182,364535.43,392970.51,872,3.08,283,471,60.08,50.61,194375.906,143,No,1,Yes
Northwest,07-03-2025,191828.8195,216107.09,210038.95,286,2.17,131,254,51.57,22.85,55809.34154,630,No,3,Yes
Northwest,08-03-2025,207285.3307,220181.08,214250.21,898,2.9,309,694,44.52,28.72,75798.35704,1093,No,5,Yes
Northwest,09-03-2025,159719.7699,173111.67,175919.93,487,4.46,109,239,45.61,28.21,57367.85523,806,No,4,Yes
Northwest,10-03-2025,170896.6451,175458.29,177465.48,352,2.35,149,392,38.01,23.99,52200.01321,241,No,5,Yes
Northwest,11-03-2025,231531.7105,263638.6,242768.24,852,3.59,237,510,46.47,54.02,159247.2264,1635,No,5,No
Northwest,12-03-2025,174375.1709,192469.76,173874.03,795,2.24,354,767,46.15,23.12,51330.94971,1038,No,5,Yes
Northwest,13-03-2025,131491.8802,133871.93,134964.46,458,2.14,214,323,66.25,36.84,61677.30327,94,No,2,No
Northwest,14-03-2025,173720.9221,189085.65,196018.28,941,3.21,293,673,43.54,55.59,122957.6724,1920,No,2,Yes
Northwest,15-03-2025,273343.1561,272630.61,257116.05,965,4.82,200,587,34.07,42.55,148086.1973,890,No,5,No
Northwest,16-03-2025,203908.2079,227114.24,215039.79,839,3.64,230,404,56.93,47.93,124436.8294,480,No,2,Yes
Northwest,17-03-2025,227915.2026,258796.38,274062.14,227,3.03,74,446,16.59,50.75,147270.6317,1463,No,5,No
Northwest,18-03-2025,188603.8058,224619,228926.08,407,3.36,121,256,47.27,39.84,95670.18115,916,No,3,Yes
Northwest,19-03-2025,147026.407,157601.43,147588.41,382,2.85,134,300,44.67,27.69,51835.23796,226,No,4,No
Northwest,20-03-2025,141249.9848,156189.43,162439.36,688,2.04,337,577,58.41,50.99,91702.30821,714,No,5,Yes
Northwest,21-03-2025,114469.0378,131162.84,123097.51,119,3.64,32,391,8.18,55.68,81151.03732,400,No,1,Yes
Northwest,22-03-2025,172351.3322,201366.61,191608.71,246,2.38,103,327,31.5,27.84,61092.89532,965,No,4,No
Northwest,23-03-2025,187923.4641,196362.3,176870.35,355,1.65,215,692,31.07,41.36,98961.97838,1887,No,2,Yes
Northwest,24-03-2025,109648.5676,114710.67,106298.11,377,3.52,107,373,28.69,51.76,72261.01044,1281,No,5,Yes
Northwest,25-03-2025,147152.759,177335.37,177429.01,704,2.4,293,516,56.78,59.66,111778.5526,788,No,1,Yes
Northwest,26-03-2025,176135.1656,181560.5,175125.57,258,2.15,120,439,27.33,29.44,66022.3087,1236,No,2,No
Northwest,27-03-2025,136955.8043,146610.2,146960.62,167,3.57,46,400,11.5,58.89,102690.1511,1316,No,1,No
Northwest,28-03-2025,191424.3332,194830.44,184590.64,541,4.65,116,302,38.41,20.27,49403.4993,771,No,1,No
Northwest,29-03-2025,166963.5989,199346.82,183108.74,496,3.44,144,377,38.2,55.85,118727.6274,1667,No,5,No
Northwest,30-03-2025,166751.9681,175566.31,180032.24,469,2.73,171,553,30.92,45.74,97112.23171,1799,No,2,Yes
Northwest,31-03-2025,140683.9382,160441.26,147927.07,858,4.14,207,472,43.86,39.91,71487.98423,222,No,4,Yes
